Year,Cause_Code,Cause_Name,State,Deaths,Age_Adjusted_Rate,Rate_Category,Deaths_Rate_Scaled
2007,All Causes,All causes,Washington,47323,731.9,Very High,47.323
2015,Influenza and pneumonia (J09-J18),Influenza and pneumonia,Arizona,775,9.5,Low,0.775
2013,"Diseases of heart (I00-I09,I11,I13,I20-I51)",Heart disease,North Dakota,1382,150.7,High,1.382
2008,"Diseases of heart (I00-I09,I11,I13,I20-I51)",Heart disease,Texas,38384,191.7,High,38.384
2015,"Nephritis, nephrotic syndrome and nephrosis (N00-N07,N17-N19,N25-N27)",Kidney disease,Virginia,1470,16.1,Low,1.47
2008,Influenza and pneumonia (J09-J18),Influenza and pneumonia,Tennessee,1424,22.7,Low,1.424
2005,Chronic lower respiratory diseases (J40-J47),CLRD,United States,130933,43.9,Low,130.933
2002,Diabetes mellitus (E10-E14),Diabetes,New Mexico,582,33.0,Low,0.582
2015,"Accidents (unintentional injuries) (V01-X59,Y85-Y86)",Unintentional injuries,Arizona,3539,49.2,Low,3.539
2016,"Intentional self-harm (suicide) (*U03,X60-X84,Y87.0)",Suicide,Massachusetts,631,8.8,Low,0.631
1999,Diabetes mellitus (E10-E14),Diabetes,Indiana,1591,26.9,Low,1.591
2009,Malignant neoplasms (C00-C97),Cancer,Indiana,13093,190.4,High,13.093
1999,"Diseases of heart (I00-I09,I11,I13,I20-I51)",Heart disease,Georgia,17597,282.8,Very High,17.597
1999,"Nephritis, nephrotic syndrome and nephrosis (N00-N07,N17-N19,N25-N27)",Kidney disease,Wisconsin,677,11.9,Low,0.677
2007,"Diseases of heart (I00-I09,I11,I13,I20-I51)",Heart disease,Idaho,2433,167.9,High,2.433
2006,Diabetes mellitus (E10-E14),Diabetes,Wyoming,126,23.9,Low,0.126
2008,Alzheimer's disease (G30),Alzheimer's disease,Maine,450,26.3,Low,0.45
2000,"Nephritis, nephrotic syndrome and nephrosis (N00-N07,N17-N19,N25-N27)",Kidney disease,North Dakota,67,8.0,Low,0.067
2014,Influenza and pneumonia (J09-J18),Influenza and pneumonia,Tennessee,1602,22.1,Low,1.602
2000,Diabetes mellitus (E10-E14),Diabetes,Florida,4449,21.6,Low,4.449
2014,All Causes,All causes,Massachusetts,55200,663.0,Very High,55.2
2016,Diabetes mellitus (E10-E14),Diabetes,Wisconsin,1440,19.9,Low,1.44
2002,"Diseases of heart (I00-I09,I11,I13,I20-I51)",Heart disease,Nebraska,4242,215.5,Very High,4.242
2000,Diabetes mellitus (E10-E14),Diabetes,New Jersey,2483,28.2,Low,2.483
2010,"Accidents (unintentional injuries) (V01-X59,Y85-Y86)",Unintentional injuries,Rhode Island,475,40.1,Low,0.475
2004,"Intentional self-harm (suicide) (*U03,X60-X84,Y87.0)",Suicide,Idaho,236,17.6,Low,0.236
2008,Diabetes mellitus (E10-E14),Diabetes,Massachusetts,1079,14.5,Low,1.079
2009,Cerebrovascular diseases (I60-I69),Stroke,Kansas,1416,43.2,Low,1.416
2003,All Causes,All causes,Alabama,46716,1020.2,,46.716
2009,"Diseases of heart (I00-I09,I11,I13,I20-I51)",Heart disease,South Carolina,9068,189.5,High,9.068
2012,Chronic lower respiratory diseases (J40-J47),CLRD,Colorado,2239,46.7,Low,2.239
2017,"Accidents (unintentional injuries) (V01-X59,Y85-Y86)",Unintentional injuries,New York,7687,35.5,Low,7.687
2001,"Nephritis, nephrotic syndrome and nephrosis (N00-N07,N17-N19,N25-N27)",Kidney disease,Maine,208,14.0,Low,0.208
2013,Cerebrovascular diseases (I60-I69),Stroke,Utah,836,38.2,Low,0.836
2004,"Nephritis, nephrotic syndrome and nephrosis (N00-N07,N17-N19,N25-N27)",Kidney disease,Massachusetts,1250,17.1,Low,1.25
2002,"Nephritis, nephrotic syndrome and nephrosis (N00-N07,N17-N19,N25-N27)",Kidney disease,Oklahoma,500,13.9,Low,0.5
2005,All Causes,All causes,Rhode Island,10007,781.2,Very High,10.007
1999,Malignant neoplasms (C00-C97),Cancer,Iowa,6346,189.1,High,6.346
2010,Influenza and pneumonia (J09-J18),Influenza and pneumonia,Washington,578,8.3,Low,0.578
2006,"Intentional self-harm (suicide) (*U03,X60-X84,Y87.0)",Suicide,West Virginia,269,14.0,Low,0.269
2015,"Diseases of heart (I00-I09,I11,I13,I20-I51)",Heart disease,New Hampshire,2571,149.0,High,2.571
2003,Alzheimer's disease (G30),Alzheimer's disease,Utah,332,21.4,Low,0.332
2006,"Intentional self-harm (suicide) (*U03,X60-X84,Y87.0)",Suicide,Louisiana,492,11.5,Low,0.492
2017,Influenza and pneumonia (J09-J18),Influenza and pneumonia,Texas,2954,11.2,Low,2.954
2014,Cerebrovascular diseases (I60-I69),Stroke,West Virginia,1103,45.3,Low,1.103
2017,Diabetes mellitus (E10-E14),Diabetes,Texas,5832,21.2,Low,5.832
2008,"Nephritis, nephrotic syndrome and nephrosis (N00-N07,N17-N19,N25-N27)",Kidney disease,Connecticut,589,13.5,Low,0.589
2005,All Causes,All causes,Hawaii,9136,638.3,Very High,9.136
2001,Alzheimer's disease (G30),Alzheimer's disease,New York,1705,8.5,Low,1.705
2000,Alzheimer's disease (G30),Alzheimer's disease,North Carolina,1725,24.3,Low,1.725
2005,Cerebrovascular diseases (I60-I69),Stroke,Ohio,6279,50.2,Medium,6.279
2004,Alzheimer's disease (G30),Alzheimer's disease,Tennessee,1615,29.3,Low,1.615
2017,"Diseases of heart (I00-I09,I11,I13,I20-I51)",Heart disease,Colorado,7060,122.7,High,7.06
2009,"Diseases of heart (I00-I09,I11,I13,I20-I51)",Heart disease,Washington,10561,153.9,High,10.561
2015,"Accidents (unintentional injuries) (V01-X59,Y85-Y86)",Unintentional injuries,Iowa,1537,42.1,Low,1.537
2003,"Nephritis, nephrotic syndrome and nephrosis (N00-N07,N17-N19,N25-N27)",Kidney disease,Kansas,531,17.6,Low,0.531
2010,"Accidents (unintentional injuries) (V01-X59,Y85-Y86)",Unintentional injuries,Indiana,2534,38.5,Low,2.534
2012,Diabetes mellitus (E10-E14),Diabetes,Arizona,1736,23.4,Low,1.736
2007,Influenza and pneumonia (J09-J18),Influenza and pneumonia,Alabama,898,18.8,Low,0.898
2004,Influenza and pneumonia (J09-J18),Influenza and pneumonia,Louisiana,913,22.2,Low,0.913
2015,"Intentional self-harm (suicide) (*U03,X60-X84,Y87.0)",Suicide,Kentucky,776,17.1,Low,0.776
1999,Diabetes mellitus (E10-E14),Diabetes,California,6401,22.5,Low,6.401
2017,Malignant neoplasms (C00-C97),Cancer,Illinois,24150,157.9,High,24.15
2007,Cerebrovascular diseases (I60-I69),Stroke,Montana,443,39.0,Low,0.443
2006,"Nephritis, nephrotic syndrome and nephrosis (N00-N07,N17-N19,N25-N27)",Kidney disease,Ohio,1758,13.9,Low,1.758
2016,Alzheimer's disease (G30),Alzheimer's disease,North Carolina,4153,37.2,Low,4.153
2005,Influenza and pneumonia (J09-J18),Influenza and pneumonia,Maryland,1194,22.8,Low,1.194
2008,Cerebrovascular diseases (I60-I69),Stroke,Oklahoma,2079,54.0,Medium,2.079
2010,Alzheimer's disease (G30),Alzheimer's disease,Ohio,4109,29.7,Low,4.109
2006,Diabetes mellitus (E10-E14),Diabetes,Maine,343,21.4,Low,0.343
2017,"Intentional self-harm (suicide) (*U03,X60-X84,Y87.0)",Suicide,Kentucky,770,16.9,Low,0.77
2007,Alzheimer's disease (G30),Alzheimer's disease,Michigan,2432,22.4,Low,2.432
2007,Influenza and pneumonia (J09-J18),Influenza and pneumonia,Wisconsin,1022,15.7,Low,1.022
2011,Malignant neoplasms (C00-C97),Cancer,Texas,37351,162.3,High,37.351
2003,Influenza and pneumonia (J09-J18),Influenza and pneumonia,Texas,3613,21.4,Low,3.613
2012,"Nephritis, nephrotic syndrome and nephrosis (N00-N07,N17-N19,N25-N27)",Kidney disease,North Dakota,117,13.3,Low,0.117
2010,Influenza and pneumonia (J09-J18),Influenza and pneumonia,Idaho,208,13.5,Low,0.208
2004,All Causes,All causes,District Of Columbia,5454,972.1,Very High,5.454
2013,Alzheimer's disease (G30),Alzheimer's disease,Illinois,2919,19.8,Low,2.919
2016,Malignant neoplasms (C00-C97),Cancer,Vermont,1356,158.4,High,1.356
2003,"Diseases of heart (I00-I09,I11,I13,I20-I51)",Heart disease,North Carolina,18674,233.3,Very High,18.674
2003,"Diseases of heart (I00-I09,I11,I13,I20-I51)",Heart disease,Montana,1984,193.3,High,1.984
1999,"Nephritis, nephrotic syndrome and nephrosis (N00-N07,N17-N19,N25-N27)",Kidney disease,Iowa,226,6.4,Low,0.226
2001,Diabetes mellitus (E10-E14),Diabetes,Ohio,3750,31.5,Low,3.75
2015,"Intentional self-harm (suicide) (*U03,X60-X84,Y87.0)",Suicide,Kansas,477,16.3,Low,0.477
2013,Chronic lower respiratory diseases (J40-J47),CLRD,District Of Columbia,150,25.0,Low,0.15
2012,Alzheimer's disease (G30),Alzheimer's disease,Ohio,3935,27.4,Low,3.935
2002,"Accidents (unintentional injuries) (V01-X59,Y85-Y86)",Unintentional injuries,Rhode Island,277,23.4,Low,0.277
2017,"Accidents (unintentional injuries) (V01-X59,Y85-Y86)",Unintentional injuries,North Dakota,339,41.3,Low,0.339
2007,"Diseases of heart (I00-I09,I11,I13,I20-I51)",Heart disease,Tennessee,14280,227.2,Very High,14.28
2014,"Accidents (unintentional injuries) (V01-X59,Y85-Y86)",Unintentional injuries,Nevada,1166,40.2,Low,1.166
2013,Cerebrovascular diseases (I60-I69),Stroke,Oregon,1775,37.3,Low,1.775
2010,Alzheimer's disease (G30),Alzheimer's disease,Nebraska,565,24.9,Low,0.565
2005,"Diseases of heart (I00-I09,I11,I13,I20-I51)",Heart disease,Connecticut,7650,180.7,High,7.65
2009,Malignant neoplasms (C00-C97),Cancer,Idaho,2458,158.9,High,2.458
2013,"Accidents (unintentional injuries) (V01-X59,Y85-Y86)",Unintentional injuries,New Hampshire,619,42.5,Low,0.619
2003,"Diseases of heart (I00-I09,I11,I13,I20-I51)",Heart disease,Mississippi,8683,317.1,Very High,8.683
2010,Influenza and pneumonia (J09-J18),Influenza and pneumonia,Pennsylvania,2324,13.6,Low,2.324
2005,"Intentional self-harm (suicide) (*U03,X60-X84,Y87.0)",Suicide,Maine,175,12.4,Low,0.175
2003,"Accidents (unintentional injuries) (V01-X59,Y85-Y86)",Unintentional injuries,Vermont,235,36.3,Low,0.235
2017,"Nephritis, nephrotic syndrome and nephrosis (N00-N07,N17-N19,N25-N27)",Kidney disease,South Carolina,950,15.5,Low,0.95
2017,All Causes,All causes,Tennessee,70096,897.1,Very High,70.096
2017,Malignant neoplasms (C00-C97),Cancer,Kentucky,10145,185.7,High,10.145
2010,Chronic lower respiratory diseases (J40-J47),CLRD,Utah,671,33.2,Low,0.671
2008,Alzheimer's disease (G30),Alzheimer's disease,New Hampshire,393,27.4,Low,0.393
2011,Cerebrovascular diseases (I60-I69),Stroke,Florida,8411,31.5,Low,8.411
1999,Alzheimer's disease (G30),Alzheimer's disease,Alaska,24,11.9,Low,0.024
2001,"Accidents (unintentional injuries) (V01-X59,Y85-Y86)",Unintentional injuries,Massachusetts,1506,22.2,Low,1.506
1999,"Nephritis, nephrotic syndrome and nephrosis (N00-N07,N17-N19,N25-N27)",Kidney disease,Arizona,544,11.1,Low,0.544
1999,All Causes,All causes,Iowa,28411,806.4,Very High,28.411
2015,Alzheimer's disease (G30),Alzheimer's disease,New York,3174,12.6,Low,3.174
2007,All Causes,All causes,Arkansas,28191,906.2,Very High,28.191
2009,"Nephritis, nephrotic syndrome and nephrosis (N00-N07,N17-N19,N25-N27)",Kidney disease,Oregon,387,8.9,Low,0.387
2007,All Causes,All causes,Missouri,54166,837.7,Very High,54.166
2015,Chronic lower respiratory diseases (J40-J47),CLRD,South Carolina,2908,49.9,Low,2.908
2010,Diabetes mellitus (E10-E14),Diabetes,North Carolina,2042,20.5,Low,2.042
2006,Cerebrovascular diseases (I60-I69),Stroke,Oregon,1978,48.2,Low,1.978
2008,Alzheimer's disease (G30),Alzheimer's disease,Indiana,1971,29.3,Low,1.971
2011,Chronic lower respiratory diseases (J40-J47),CLRD,Arizona,3166,44.5,Low,3.166
2001,Cerebrovascular diseases (I60-I69),Stroke,Delaware,383,50.1,Medium,0.383
2001,"Diseases of heart (I00-I09,I11,I13,I20-I51)",Heart disease,Indiana,15682,259.8,Very High,15.682
2000,All Causes,All causes,Maine,12354,859.4,Very High,12.354
2006,"Nephritis, nephrotic syndrome and nephrosis (N00-N07,N17-N19,N25-N27)",Kidney disease,Maryland,767,14.2,Low,0.767
2007,Malignant neoplasms (C00-C97),Cancer,Montana,1921,170.7,High,1.921
2001,Alzheimer's disease (G30),Alzheimer's disease,New Mexico,297,18.6,Low,0.297
2010,Diabetes mellitus (E10-E14),Diabetes,Minnesota,1037,17.7,Low,1.037
2010,"Accidents (unintentional injuries) (V01-X59,Y85-Y86)",Unintentional injuries,Wyoming,346,59.8,Medium,0.346
2004,Influenza and pneumonia (J09-J18),Influenza and pneumonia,Maine,308,20.0,Low,0.308
2014,"Intentional self-harm (suicide) (*U03,X60-X84,Y87.0)",Suicide,Minnesota,686,12.2,Low,0.686
2007,"Diseases of heart (I00-I09,I11,I13,I20-I51)",Heart disease,Nevada,4591,205.6,Very High,4.591
2007,All Causes,All causes,South Dakota,6826,712.9,Very High,6.826
2017,All Causes,All causes,West Virginia,23276,957.1,Very High,23.276
1999,All Causes,All causes,Oklahoma,34700,979.0,Very High,34.7
2005,Influenza and pneumonia (J09-J18),Influenza and pneumonia,New York,5521,26.3,Low,5.521
2016,"Nephritis, nephrotic syndrome and nephrosis (N00-N07,N17-N19,N25-N27)",Kidney disease,West Virginia,481,19.3,Low,0.481
2017,Diabetes mellitus (E10-E14),Diabetes,Tennessee,1915,24.0,Low,1.915
2014,Alzheimer's disease (G30),Alzheimer's disease,South Carolina,1938,37.4,Low,1.938
2011,"Intentional self-harm (suicide) (*U03,X60-X84,Y87.0)",Suicide,Nevada,516,18.4,Low,0.516
2002,Influenza and pneumonia (J09-J18),Influenza and pneumonia,Delaware,168,21.4,Low,0.168
2015,Diabetes mellitus (E10-E14),Diabetes,Arkansas,886,24.7,Low,0.886
1999,Cerebrovascular diseases (I60-I69),Stroke,Mississippi,1854,69.2,Medium,1.854
2013,Cerebrovascular diseases (I60-I69),Stroke,Nebraska,820,36.4,Low,0.82
2011,"Intentional self-harm (suicide) (*U03,X60-X84,Y87.0)",Suicide,Nebraska,193,10.5,Low,0.193
2008,Alzheimer's disease (G30),Alzheimer's disease,New Mexico,366,19.0,Low,0.366
1999,Diabetes mellitus (E10-E14),Diabetes,Arizona,1063,21.5,Low,1.063
2002,Malignant neoplasms (C00-C97),Cancer,South Carolina,8333,205.8,Very High,8.333
2007,"Intentional self-harm (suicide) (*U03,X60-X84,Y87.0)",Suicide,Vermont,89,13.9,Low,0.089
2002,"Diseases of heart (I00-I09,I11,I13,I20-I51)",Heart disease,Utah,2977,188.6,High,2.977
2005,Influenza and pneumonia (J09-J18),Influenza and pneumonia,District Of Columbia,98,17.2,Low,0.098
2016,"Accidents (unintentional injuries) (V01-X59,Y85-Y86)",Unintentional injuries,Maine,909,62.4,Medium,0.909
2007,Diabetes mellitus (E10-E14),Diabetes,Wisconsin,1136,18.3,Low,1.136
2011,Chronic lower respiratory diseases (J40-J47),CLRD,North Carolina,4708,46.7,Low,4.708
2003,Malignant neoplasms (C00-C97),Cancer,Delaware,1719,201.5,Very High,1.719
2009,"Accidents (unintentional injuries) (V01-X59,Y85-Y86)",Unintentional injuries,Alaska,340,53.3,Medium,0.34
2016,Malignant neoplasms (C00-C97),Cancer,Iowa,6432,159.8,High,6.432
2012,Cerebrovascular diseases (I60-I69),Stroke,Connecticut,1273,27.0,Low,1.273
2012,All Causes,All causes,United States,2543279,732.8,Very High,2543.279
2007,Cerebrovascular diseases (I60-I69),Stroke,Florida,8781,36.5,Low,8.781
2008,"Diseases of heart (I00-I09,I11,I13,I20-I51)",Heart disease,Alaska,634,150.1,High,0.634
2013,Cerebrovascular diseases (I60-I69),Stroke,Hawaii,634,34.9,Low,0.634
2016,Influenza and pneumonia (J09-J18),Influenza and pneumonia,Minnesota,529,7.8,Low,0.529
2013,"Intentional self-harm (suicide) (*U03,X60-X84,Y87.0)",Suicide,Kansas,425,14.7,Low,0.425
1999,"Nephritis, nephrotic syndrome and nephrosis (N00-N07,N17-N19,N25-N27)",Kidney disease,Massachusetts,1127,16.2,Low,1.127
2011,"Diseases of heart (I00-I09,I11,I13,I20-I51)",Heart disease,West Virginia,4914,210.1,Very High,4.914
2006,Malignant neoplasms (C00-C97),Cancer,Tennessee,13051,204.6,Very High,13.051
2013,Malignant neoplasms (C00-C97),Cancer,Tennessee,13953,185.5,High,13.953
2011,All Causes,All causes,Ohio,111427,821.8,Very High,111.427
2017,Alzheimer's disease (G30),Alzheimer's disease,Arizona,3058,35.1,Low,3.058
1999,All Causes,All causes,Nebraska,15579,830.1,Very High,15.579
2013,"Accidents (unintentional injuries) (V01-X59,Y85-Y86)",Unintentional injuries,Missouri,2981,47.0,Low,2.981
1999,All Causes,All causes,District Of Columbia,6076,1087.3,,6.076
2016,All Causes,All causes,Texas,191966,730.6,Very High,191.966
2010,Diabetes mellitus (E10-E14),Diabetes,Michigan,2697,24.0,Low,2.697
2002,Cerebrovascular diseases (I60-I69),Stroke,South Dakota,518,54.9,Medium,0.518
2016,"Accidents (unintentional injuries) (V01-X59,Y85-Y86)",Unintentional injuries,West Virginia,1705,89.7,Medium,1.705
2009,"Diseases of heart (I00-I09,I11,I13,I20-I51)",Heart disease,Maryland,11210,190.8,High,11.21
2013,All Causes,All causes,Virginia,62716,724.8,Very High,62.716
2008,Alzheimer's disease (G30),Alzheimer's disease,Connecticut,839,17.8,Low,0.839
2016,All Causes,All causes,Washington,54769,672.0,Very High,54.769
2016,Diabetes mellitus (E10-E14),Diabetes,Kentucky,1479,28.4,Low,1.479
2008,Chronic lower respiratory diseases (J40-J47),CLRD,Texas,8874,45.1,Low,8.874
2014,Chronic lower respiratory diseases (J40-J47),CLRD,Mississippi,1738,52.2,Medium,1.738
2011,Chronic lower respiratory diseases (J40-J47),CLRD,Virginia,3112,38.6,Low,3.112
2000,"Diseases of heart (I00-I09,I11,I13,I20-I51)",Heart disease,New Mexico,3191,196.6,High,3.191
2003,"Accidents (unintentional injuries) (V01-X59,Y85-Y86)",Unintentional injuries,Virginia,2644,37.0,Low,2.644
2000,All Causes,All causes,Delaware,6875,897.1,Very High,6.875
2006,Influenza and pneumonia (J09-J18),Influenza and pneumonia,North Carolina,1705,20.1,Low,1.705
2012,Alzheimer's disease (G30),Alzheimer's disease,West Virginia,598,25.3,Low,0.598
2009,"Nephritis, nephrotic syndrome and nephrosis (N00-N07,N17-N19,N25-N27)",Kidney disease,Nebraska,258,12.1,Low,0.258
2008,"Nephritis, nephrotic syndrome and nephrosis (N00-N07,N17-N19,N25-N27)",Kidney disease,Utah,212,11.0,Low,0.212
2013,Alzheimer's disease (G30),Alzheimer's disease,Hawaii,260,12.6,Low,0.26
2011,Malignant neoplasms (C00-C97),Cancer,California,56449,152.0,High,56.449
2008,"Nephritis, nephrotic syndrome and nephrosis (N00-N07,N17-N19,N25-N27)",Kidney disease,North Dakota,98,11.8,Low,0.098
2007,Malignant neoplasms (C00-C97),Cancer,West Virginia,4690,204.3,Very High,4.69
2009,Chronic lower respiratory diseases (J40-J47),CLRD,Maryland,2064,36.3,Low,2.064
2009,Alzheimer's disease (G30),Alzheimer's disease,Mississippi,900,32.1,Low,0.9
2009,Cerebrovascular diseases (I60-I69),Stroke,New York,5950,27.0,Low,5.95
2009,Influenza and pneumonia (J09-J18),Influenza and pneumonia,Alaska,51,12.5,Low,0.051
2002,All Causes,All causes,Arizona,42816,811.2,Very High,42.816
2015,"Diseases of heart (I00-I09,I11,I13,I20-I51)",Heart disease,New Mexico,3508,142.4,High,3.508
2006,"Accidents (unintentional injuries) (V01-X59,Y85-Y86)",Unintentional injuries,New York,5235,26.2,Low,5.235
2001,Diabetes mellitus (E10-E14),Diabetes,Mississippi,661,24.3,Low,0.661
2017,Chronic lower respiratory diseases (J40-J47),CLRD,Tennessee,4657,57.4,Medium,4.657
2014,Influenza and pneumonia (J09-J18),Influenza and pneumonia,Arkansas,710,20.7,Low,0.71
2016,Cerebrovascular diseases (I60-I69),Stroke,Louisiana,2322,46.0,Low,2.322
2006,Chronic lower respiratory diseases (J40-J47),CLRD,Rhode Island,485,38.1,Low,0.485
2016,Diabetes mellitus (E10-E14),Diabetes,Minnesota,1265,19.2,Low,1.265
2011,"Accidents (unintentional injuries) (V01-X59,Y85-Y86)",Unintentional injuries,Hawaii,517,34.4,Low,0.517
2015,Diabetes mellitus (E10-E14),Diabetes,District Of Columbia,162,25.7,Low,0.162
2011,"Intentional self-harm (suicide) (*U03,X60-X84,Y87.0)",Suicide,West Virginia,306,15.9,Low,0.306
1999,Diabetes mellitus (E10-E14),Diabetes,Vermont,179,29.3,Low,0.179
1999,"Intentional self-harm (suicide) (*U03,X60-X84,Y87.0)",Suicide,Louisiana,518,11.9,Low,0.518
2007,"Nephritis, nephrotic syndrome and nephrosis (N00-N07,N17-N19,N25-N27)",Kidney disease,Ohio,1747,13.5,Low,1.747
2017,Influenza and pneumonia (J09-J18),Influenza and pneumonia,North Carolina,2076,17.5,Low,2.076
2017,"Nephritis, nephrotic syndrome and nephrosis (N00-N07,N17-N19,N25-N27)",Kidney disease,Hawaii,208,10.7,Low,0.208
1999,Diabetes mellitus (E10-E14),Diabetes,Ohio,3675,31.4,Low,3.675
2010,Alzheimer's disease (G30),Alzheimer's disease,Indiana,1940,27.8,Low,1.94
2009,Influenza and pneumonia (J09-J18),Influenza and pneumonia,Michigan,1613,14.5,Low,1.613
2005,"Intentional self-harm (suicide) (*U03,X60-X84,Y87.0)",Suicide,North Carolina,1009,11.5,Low,1.009
2015,Diabetes mellitus (E10-E14),Diabetes,Washington,1811,22.4,Low,1.811
2011,"Intentional self-harm (suicide) (*U03,X60-X84,Y87.0)",Suicide,Pennsylvania,1747,13.2,Low,1.747
2009,"Diseases of heart (I00-I09,I11,I13,I20-I51)",Heart disease,Florida,41274,163.8,High,41.274
2005,Diabetes mellitus (E10-E14),Diabetes,Rhode Island,282,22.3,Low,0.282
1999,All Causes,All causes,Oregon,29422,837.6,Very High,29.422
2017,Malignant neoplasms (C00-C97),Cancer,South Carolina,10356,162.7,High,10.356
2006,Malignant neoplasms (C00-C97),Cancer,United States,559888,181.8,High,559.888
2014,"Nephritis, nephrotic syndrome and nephrosis (N00-N07,N17-N19,N25-N27)",Kidney disease,Alaska,45,10.1,Low,0.045
2016,All Causes,All causes,Montana,9905,743.2,Very High,9.905
2012,Cerebrovascular diseases (I60-I69),Stroke,Wisconsin,2520,36.0,Low,2.52
2007,Alzheimer's disease (G30),Alzheimer's disease,Wyoming,110,22.0,Low,0.11
2004,"Nephritis, nephrotic syndrome and nephrosis (N00-N07,N17-N19,N25-N27)",Kidney disease,West Virginia,450,20.7,Low,0.45
2000,"Intentional self-harm (suicide) (*U03,X60-X84,Y87.0)",Suicide,Illinois,1003,8.1,Low,1.003
2002,Malignant neoplasms (C00-C97),Cancer,Alabama,9698,208.3,Very High,9.698
2009,Malignant neoplasms (C00-C97),Cancer,Wisconsin,10866,169.5,High,10.866
2013,Chronic lower respiratory diseases (J40-J47),CLRD,Maryland,2051,32.5,Low,2.051
2012,Influenza and pneumonia (J09-J18),Influenza and pneumonia,Ohio,2195,15.5,Low,2.195
2006,Alzheimer's disease (G30),Alzheimer's disease,Idaho,400,29.0,Low,0.4
2011,Chronic lower respiratory diseases (J40-J47),CLRD,Ohio,6996,51.7,Medium,6.996
2007,Cerebrovascular diseases (I60-I69),Stroke,Kentucky,2144,49.8,Low,2.144
2012,All Causes,All causes,Virginia,61564,730.2,Very High,61.564
2002,"Accidents (unintentional injuries) (V01-X59,Y85-Y86)",Unintentional injuries,District Of Columbia,200,34.6,Low,0.2
2004,All Causes,All causes,Vermont,4995,749.4,Very High,4.995
2001,Influenza and pneumonia (J09-J18),Influenza and pneumonia,New Mexico,398,24.3,Low,0.398
2003,Influenza and pneumonia (J09-J18),Influenza and pneumonia,Wyoming,145,30.8,Low,0.145
2006,All Causes,All causes,Wyoming,4311,831.1,Very High,4.311
2017,Chronic lower respiratory diseases (J40-J47),CLRD,Delaware,526,40.8,Low,0.526
2003,Malignant neoplasms (C00-C97),Cancer,United States,556902,190.9,High,556.902
2001,Influenza and pneumonia (J09-J18),Influenza and pneumonia,Arizona,1133,22.6,Low,1.133
2004,Diabetes mellitus (E10-E14),Diabetes,California,7117,22.6,Low,7.117
2011,Cerebrovascular diseases (I60-I69),Stroke,Michigan,4442,38.6,Low,4.442
2007,"Intentional self-harm (suicide) (*U03,X60-X84,Y87.0)",Suicide,Delaware,95,10.6,Low,0.095
2011,Alzheimer's disease (G30),Alzheimer's disease,Massachusetts,1819,21.2,Low,1.819
2011,"Nephritis, nephrotic syndrome and nephrosis (N00-N07,N17-N19,N25-N27)",Kidney disease,Indiana,1367,19.4,Low,1.367
2008,"Diseases of heart (I00-I09,I11,I13,I20-I51)",Heart disease,Hawaii,2313,147.7,High,2.313
2001,Malignant neoplasms (C00-C97),Cancer,South Dakota,1590,188.5,High,1.59
2006,"Intentional self-harm (suicide) (*U03,X60-X84,Y87.0)",Suicide,New Jersey,585,6.5,Low,0.585
2004,"Intentional self-harm (suicide) (*U03,X60-X84,Y87.0)",Suicide,Illinois,1028,8.1,Low,1.028
2007,"Intentional self-harm (suicide) (*U03,X60-X84,Y87.0)",Suicide,Tennessee,844,13.4,Low,0.844
2015,Influenza and pneumonia (J09-J18),Influenza and pneumonia,Maryland,1176,17.7,Low,1.176
2005,Malignant neoplasms (C00-C97),Cancer,California,54732,168.9,High,54.732
1999,"Accidents (unintentional injuries) (V01-X59,Y85-Y86)",Unintentional injuries,United States,97860,35.3,Low,97.86
2006,Cerebrovascular diseases (I60-I69),Stroke,Iowa,1718,43.6,Low,1.718
1999,Cerebrovascular diseases (I60-I69),Stroke,West Virginia,1323,63.1,Medium,1.323
2001,"Accidents (unintentional injuries) (V01-X59,Y85-Y86)",Unintentional injuries,California,8132,24.5,Low,8.132
2014,Cerebrovascular diseases (I60-I69),Stroke,South Dakota,439,38.8,Low,0.439
1999,Alzheimer's disease (G30),Alzheimer's disease,South Carolina,690,20.5,Low,0.69
2002,Cerebrovascular diseases (I60-I69),Stroke,Texas,10548,63.6,Medium,10.548
2014,Influenza and pneumonia (J09-J18),Influenza and pneumonia,Nebraska,351,15.1,Low,0.351
2014,"Intentional self-harm (suicide) (*U03,X60-X84,Y87.0)",Suicide,North Carolina,1352,13.1,Low,1.352
1999,Cerebrovascular diseases (I60-I69),Stroke,Delaware,365,49.4,Low,0.365
2011,Chronic lower respiratory diseases (J40-J47),CLRD,Hawaii,318,18.9,Low,0.318
2000,Diabetes mellitus (E10-E14),Diabetes,Rhode Island,292,24.1,Low,0.292
2003,Malignant neoplasms (C00-C97),Cancer,West Virginia,4610,211.6,Very High,4.61
2009,"Accidents (unintentional injuries) (V01-X59,Y85-Y86)",Unintentional injuries,Kentucky,2394,55.1,Medium,2.394
1999,Alzheimer's disease (G30),Alzheimer's disease,Utah,245,17.3,Low,0.245
2006,Malignant neoplasms (C00-C97),Cancer,Idaho,2306,163.2,High,2.306
2010,All Causes,All causes,Oklahoma,36529,915.5,Very High,36.529
2001,Chronic lower respiratory diseases (J40-J47),CLRD,Iowa,1552,43.6,Low,1.552
2008,"Nephritis, nephrotic syndrome and nephrosis (N00-N07,N17-N19,N25-N27)",Kidney disease,Missouri,1274,19.1,Low,1.274
1999,Malignant neoplasms (C00-C97),Cancer,Missouri,12186,207.9,Very High,12.186
2007,"Intentional self-harm (suicide) (*U03,X60-X84,Y87.0)",Suicide,United States,34598,11.3,Low,34.598
2002,All Causes,All causes,West Virginia,21016,999.0,Very High,21.016
2002,"Intentional self-harm (suicide) (*U03,X60-X84,Y87.0)",Suicide,Florida,2338,13.3,Low,2.338
2003,Alzheimer's disease (G30),Alzheimer's disease,Kansas,781,24.7,Low,0.781
2001,Diabetes mellitus (E10-E14),Diabetes,Oklahoma,1065,29.7,Low,1.065
2002,Diabetes mellitus (E10-E14),Diabetes,Ohio,3846,32.0,Low,3.846
2017,Malignant neoplasms (C00-C97),Cancer,West Virginia,4654,179.4,High,4.654
2015,"Intentional self-harm (suicide) (*U03,X60-X84,Y87.0)",Suicide,Ohio,1650,13.9,Low,1.65
2000,Diabetes mellitus (E10-E14),Diabetes,Kentucky,1107,27.9,Low,1.107
2001,"Accidents (unintentional injuries) (V01-X59,Y85-Y86)",Unintentional injuries,West Virginia,834,44.7,Low,0.834
2011,"Diseases of heart (I00-I09,I11,I13,I20-I51)",Heart disease,North Carolina,17003,167.9,High,17.003
2006,Chronic lower respiratory diseases (J40-J47),CLRD,Oregon,1828,45.6,Low,1.828
2013,Alzheimer's disease (G30),Alzheimer's disease,Louisiana,1505,32.9,Low,1.505
2011,Chronic lower respiratory diseases (J40-J47),CLRD,Rhode Island,526,39.5,Low,0.526
2002,Chronic lower respiratory diseases (J40-J47),CLRD,Arizona,2575,48.4,Low,2.575
2011,"Diseases of heart (I00-I09,I11,I13,I20-I51)",Heart disease,Michigan,23358,200.1,Very High,23.358
2017,"Diseases of heart (I00-I09,I11,I13,I20-I51)",Heart disease,Washington,11582,138.8,High,11.582
2015,Influenza and pneumonia (J09-J18),Influenza and pneumonia,Arkansas,700,20.0,Low,0.7
2015,Diabetes mellitus (E10-E14),Diabetes,Nevada,420,13.4,Low,0.42
1999,"Diseases of heart (I00-I09,I11,I13,I20-I51)",Heart disease,District Of Columbia,1652,296.2,Very High,1.652
2003,"Nephritis, nephrotic syndrome and nephrosis (N00-N07,N17-N19,N25-N27)",Kidney disease,Florida,2265,10.2,Low,2.265
2008,"Diseases of heart (I00-I09,I11,I13,I20-I51)",Heart disease,Kentucky,10061,225.5,Very High,10.061
2007,"Accidents (unintentional injuries) (V01-X59,Y85-Y86)",Unintentional injuries,New Hampshire,527,39.0,Low,0.527
2007,Alzheimer's disease (G30),Alzheimer's disease,Kansas,860,25.8,Low,0.86
2001,Diabetes mellitus (E10-E14),Diabetes,Nebraska,400,21.3,Low,0.4
2012,Cerebrovascular diseases (I60-I69),Stroke,Pennsylvania,6546,37.4,Low,6.546
2004,"Nephritis, nephrotic syndrome and nephrosis (N00-N07,N17-N19,N25-N27)",Kidney disease,Georgia,1458,21.3,Low,1.458
1999,All Causes,All causes,Georgia,62028,964.9,Very High,62.028
2009,"Accidents (unintentional injuries) (V01-X59,Y85-Y86)",Unintentional injuries,Nevada,1025,39.0,Low,1.025
2011,Chronic lower respiratory diseases (J40-J47),CLRD,Illinois,5390,39.9,Low,5.39
2003,"Intentional self-harm (suicide) (*U03,X60-X84,Y87.0)",Suicide,Nebraska,176,10.2,Low,0.176
1999,All Causes,All causes,Tennessee,53765,980.4,Very High,53.765
2008,"Accidents (unintentional injuries) (V01-X59,Y85-Y86)",Unintentional injuries,South Carolina,2285,50.4,Medium,2.285
2007,Chronic lower respiratory diseases (J40-J47),CLRD,Alabama,2530,51.3,Medium,2.53
2000,Chronic lower respiratory diseases (J40-J47),CLRD,Tennessee,2887,52.1,Medium,2.887
2017,Cerebrovascular diseases (I60-I69),Stroke,Kansas,1355,37.7,Low,1.355
2000,Malignant neoplasms (C00-C97),Cancer,Mississippi,6075,223.6,Very High,6.075
2000,All Causes,All causes,New York,158203,813.6,Very High,158.203
2012,All Causes,All causes,Arkansas,30117,897.5,Very High,30.117
2007,Cerebrovascular diseases (I60-I69),Stroke,Connecticut,1463,33.4,Low,1.463
2011,Diabetes mellitus (E10-E14),Diabetes,South Carolina,1090,21.0,Low,1.09
2017,"Diseases of heart (I00-I09,I11,I13,I20-I51)",Heart disease,North Carolina,18808,156.5,High,18.808
2005,Malignant neoplasms (C00-C97),Cancer,Indiana,12796,199.8,High,12.796
2004,Alzheimer's disease (G30),Alzheimer's disease,Louisiana,1267,32.0,Low,1.267
2005,Cerebrovascular diseases (I60-I69),Stroke,Pennsylvania,7650,48.0,Low,7.65
2012,Malignant neoplasms (C00-C97),Cancer,Massachusetts,12864,163.3,High,12.864
2005,All Causes,All causes,Texas,156457,832.1,Very High,156.457
2011,Diabetes mellitus (E10-E14),Diabetes,Illinois,2693,19.4,Low,2.693
2013,Diabetes mellitus (E10-E14),Diabetes,Ohio,3563,25.4,Low,3.563
2010,"Intentional self-harm (suicide) (*U03,X60-X84,Y87.0)",Suicide,New Mexico,413,20.1,Low,0.413
2013,"Nephritis, nephrotic syndrome and nephrosis (N00-N07,N17-N19,N25-N27)",Kidney disease,West Virginia,450,18.6,Low,0.45
2015,Chronic lower respiratory diseases (J40-J47),CLRD,Maryland,2040,30.7,Low,2.04
2004,Chronic lower respiratory diseases (J40-J47),CLRD,Nebraska,815,42.2,Low,0.815
2007,Chronic lower respiratory diseases (J40-J47),CLRD,South Carolina,2036,44.9,Low,2.036
2000,Chronic lower respiratory diseases (J40-J47),CLRD,United States,122009,44.2,Low,122.009
1999,"Diseases of heart (I00-I09,I11,I13,I20-I51)",Heart disease,Montana,2049,214.6,Very High,2.049
2000,"Diseases of heart (I00-I09,I11,I13,I20-I51)",Heart disease,Minnesota,8885,177.7,High,8.885
2001,"Accidents (unintentional injuries) (V01-X59,Y85-Y86)",Unintentional injuries,Nebraska,633,34.8,Low,0.633
2012,Influenza and pneumonia (J09-J18),Influenza and pneumonia,United States,50636,14.5,Low,50.636
2009,Alzheimer's disease (G30),Alzheimer's disease,Illinois,2891,21.0,Low,2.891
2014,All Causes,All causes,North Carolina,85367,775.9,Very High,85.367
2008,"Intentional self-harm (suicide) (*U03,X60-X84,Y87.0)",Suicide,Pennsylvania,1539,11.8,Low,1.539
2016,"Accidents (unintentional injuries) (V01-X59,Y85-Y86)",Unintentional injuries,Ohio,7999,66.6,Medium,7.999
2014,Cerebrovascular diseases (I60-I69),Stroke,New Mexico,822,34.7,Low,0.822
2013,"Nephritis, nephrotic syndrome and nephrosis (N00-N07,N17-N19,N25-N27)",Kidney disease,Wisconsin,993,14.0,Low,0.993
2012,"Intentional self-harm (suicide) (*U03,X60-X84,Y87.0)",Suicide,Alaska,168,23.0,Low,0.168
2005,All Causes,All causes,Georgia,66736,910.5,Very High,66.736
2013,Influenza and pneumonia (J09-J18),Influenza and pneumonia,Utah,413,18.6,Low,0.413
2015,All Causes,All causes,Washington,54595,687.4,Very High,54.595
2014,Diabetes mellitus (E10-E14),Diabetes,Arkansas,828,24.0,Low,0.828
2004,"Diseases of heart (I00-I09,I11,I13,I20-I51)",Heart disease,Michigan,24825,242.7,Very High,24.825
2015,Malignant neoplasms (C00-C97),Cancer,Oklahoma,8280,184.3,High,8.28
2015,"Accidents (unintentional injuries) (V01-X59,Y85-Y86)",Unintentional injuries,Alabama,2552,50.9,Medium,2.552
2006,"Diseases of heart (I00-I09,I11,I13,I20-I51)",Heart disease,Tennessee,14642,238.0,Very High,14.642
2004,"Diseases of heart (I00-I09,I11,I13,I20-I51)",Heart disease,Connecticut,7868,189.5,High,7.868
2006,"Intentional self-harm (suicide) (*U03,X60-X84,Y87.0)",Suicide,New York,1326,6.7,Low,1.326
2005,"Accidents (unintentional injuries) (V01-X59,Y85-Y86)",Unintentional injuries,Arizona,3150,54.7,Medium,3.15
2005,"Accidents (unintentional injuries) (V01-X59,Y85-Y86)",Unintentional injuries,West Virginia,940,49.6,Low,0.94
2014,"Accidents (unintentional injuries) (V01-X59,Y85-Y86)",Unintentional injuries,Indiana,2974,43.9,Low,2.974
2017,"Accidents (unintentional injuries) (V01-X59,Y85-Y86)",Unintentional injuries,Pennsylvania,9527,70.2,Medium,9.527
2004,All Causes,All causes,Kentucky,38646,935.3,Very High,38.646
2014,"Accidents (unintentional injuries) (V01-X59,Y85-Y86)",Unintentional injuries,Montana,581,52.6,Medium,0.581
2011,Diabetes mellitus (E10-E14),Diabetes,Maryland,1297,21.2,Low,1.297
2010,All Causes,All causes,Texas,166527,772.3,Very High,166.527
2016,Malignant neoplasms (C00-C97),Cancer,Nebraska,3477,153.6,High,3.477
2013,Diabetes mellitus (E10-E14),Diabetes,Minnesota,1163,18.8,Low,1.163
2015,"Nephritis, nephrotic syndrome and nephrosis (N00-N07,N17-N19,N25-N27)",Kidney disease,Arkansas,707,19.8,Low,0.707
2016,Cerebrovascular diseases (I60-I69),Stroke,Hawaii,675,34.3,Low,0.675
2001,Diabetes mellitus (E10-E14),Diabetes,District Of Columbia,209,37.4,Low,0.209
2003,"Accidents (unintentional injuries) (V01-X59,Y85-Y86)",Unintentional injuries,Massachusetts,1421,20.7,Low,1.421
2011,"Diseases of heart (I00-I09,I11,I13,I20-I51)",Heart disease,Minnesota,7240,117.0,High,7.24
2010,Influenza and pneumonia (J09-J18),Influenza and pneumonia,Vermont,60,8.0,Low,0.06
1999,"Nephritis, nephrotic syndrome and nephrosis (N00-N07,N17-N19,N25-N27)",Kidney disease,Missouri,907,15.1,Low,0.907
2011,"Intentional self-harm (suicide) (*U03,X60-X84,Y87.0)",Suicide,South Dakota,128,15.7,Low,0.128
2012,Influenza and pneumonia (J09-J18),Influenza and pneumonia,Vermont,81,9.9,Low,0.081
2004,Influenza and pneumonia (J09-J18),Influenza and pneumonia,Massachusetts,1959,26.1,Low,1.959
2006,All Causes,All causes,Massachusetts,53450,726.8,Very High,53.45
2001,Diabetes mellitus (E10-E14),Diabetes,South Carolina,1088,27.7,Low,1.088
2011,"Accidents (unintentional injuries) (V01-X59,Y85-Y86)",Unintentional injuries,Alaska,385,57.3,Medium,0.385
2007,Cerebrovascular diseases (I60-I69),Stroke,Indiana,3083,46.6,Low,3.083
2006,Cerebrovascular diseases (I60-I69),Stroke,Colorado,1532,39.1,Low,1.532
2010,Malignant neoplasms (C00-C97),Cancer,South Carolina,9356,183.6,High,9.356
2013,All Causes,All causes,Arizona,50534,674.2,Very High,50.534
2007,Cerebrovascular diseases (I60-I69),Stroke,New Hampshire,489,34.8,Low,0.489
2008,Cerebrovascular diseases (I60-I69),Stroke,Georgia,3805,49.5,Low,3.805
1999,Influenza and pneumonia (J09-J18),Influenza and pneumonia,Nebraska,459,23.0,Low,0.459
2012,Diabetes mellitus (E10-E14),Diabetes,Connecticut,631,14.2,Low,0.631
1999,"Diseases of heart (I00-I09,I11,I13,I20-I51)",Heart disease,Nebraska,4497,235.0,Very High,4.497
2005,Alzheimer's disease (G30),Alzheimer's disease,United States,71599,24.0,Low,71.599
2006,Malignant neoplasms (C00-C97),Cancer,Pennsylvania,29172,190.5,High,29.172
2012,Malignant neoplasms (C00-C97),Cancer,Pennsylvania,28909,175.5,High,28.909
2013,Cerebrovascular diseases (I60-I69),Stroke,Oklahoma,1880,44.5,Low,1.88
2000,Diabetes mellitus (E10-E14),Diabetes,Wisconsin,1309,23.3,Low,1.309
2004,Malignant neoplasms (C00-C97),Cancer,South Carolina,8348,195.8,High,8.348
2010,Chronic lower respiratory diseases (J40-J47),CLRD,Washington,2737,40.4,Low,2.737
2007,Influenza and pneumonia (J09-J18),Influenza and pneumonia,Alaska,48,13.7,Low,0.048
2014,Cerebrovascular diseases (I60-I69),Stroke,Michigan,4596,37.9,Low,4.596
2003,All Causes,All causes,Maine,12540,829.8,Very High,12.54
2010,All Causes,All causes,Indiana,56743,820.6,Very High,56.743
2001,"Nephritis, nephrotic syndrome and nephrosis (N00-N07,N17-N19,N25-N27)",Kidney disease,West Virginia,391,18.3,Low,0.391
2008,Cerebrovascular diseases (I60-I69),Stroke,Kentucky,2098,47.9,Low,2.098
2003,Influenza and pneumonia (J09-J18),Influenza and pneumonia,Delaware,127,15.8,Low,0.127
2009,"Accidents (unintentional injuries) (V01-X59,Y85-Y86)",Unintentional injuries,Illinois,3961,30.4,Low,3.961
2010,"Intentional self-harm (suicide) (*U03,X60-X84,Y87.0)",Suicide,West Virginia,279,14.1,Low,0.279
2007,All Causes,All causes,Oklahoma,36032,945.1,Very High,36.032
2010,Chronic lower respiratory diseases (J40-J47),CLRD,Nevada,1186,49.5,Low,1.186
2008,Chronic lower respiratory diseases (J40-J47),CLRD,North Carolina,4572,49.3,Low,4.572
2001,Cerebrovascular diseases (I60-I69),Stroke,West Virginia,1272,60.1,Medium,1.272
2006,"Accidents (unintentional injuries) (V01-X59,Y85-Y86)",Unintentional injuries,Pennsylvania,5299,39.5,Low,5.299
2003,Influenza and pneumonia (J09-J18),Influenza and pneumonia,Colorado,810,23.0,Low,0.81
2000,"Nephritis, nephrotic syndrome and nephrosis (N00-N07,N17-N19,N25-N27)",Kidney disease,Virginia,1118,17.9,Low,1.118
1999,Cerebrovascular diseases (I60-I69),Stroke,Idaho,771,67.5,Medium,0.771
2012,All Causes,All causes,Oklahoma,36870,891.5,Very High,36.87
2008,"Accidents (unintentional injuries) (V01-X59,Y85-Y86)",Unintentional injuries,Iowa,1266,37.8,Low,1.266
2008,"Nephritis, nephrotic syndrome and nephrosis (N00-N07,N17-N19,N25-N27)",Kidney disease,Michigan,1663,15.2,Low,1.663
2011,"Diseases of heart (I00-I09,I11,I13,I20-I51)",Heart disease,New Mexico,3333,150.3,High,3.333
2000,Chronic lower respiratory diseases (J40-J47),CLRD,West Virginia,1345,62.9,Medium,1.345
2009,Chronic lower respiratory diseases (J40-J47),CLRD,Nebraska,987,48.3,Low,0.987
2005,Influenza and pneumonia (J09-J18),Influenza and pneumonia,Washington,927,15.2,Low,0.927
2009,"Accidents (unintentional injuries) (V01-X59,Y85-Y86)",Unintentional injuries,Connecticut,1293,33.0,Low,1.293
2000,"Nephritis, nephrotic syndrome and nephrosis (N00-N07,N17-N19,N25-N27)",Kidney disease,New Jersey,1495,17.0,Low,1.495
2001,"Accidents (unintentional injuries) (V01-X59,Y85-Y86)",Unintentional injuries,Rhode Island,293,25.3,Low,0.293
2012,Cerebrovascular diseases (I60-I69),Stroke,Arizona,2164,29.9,Low,2.164
2017,"Accidents (unintentional injuries) (V01-X59,Y85-Y86)",Unintentional injuries,Illinois,6019,44.4,Low,6.019
2002,All Causes,All causes,Maryland,43970,872.3,Very High,43.97
2002,"Diseases of heart (I00-I09,I11,I13,I20-I51)",Heart disease,Kansas,6680,223.2,Very High,6.68
2006,Influenza and pneumonia (J09-J18),Influenza and pneumonia,Missouri,1285,19.9,Low,1.285
2014,"Diseases of heart (I00-I09,I11,I13,I20-I51)",Heart disease,Alabama,12461,224.0,Very High,12.461
2014,Alzheimer's disease (G30),Alzheimer's disease,Michigan,3349,27.0,Low,3.349
2014,"Intentional self-harm (suicide) (*U03,X60-X84,Y87.0)",Suicide,Louisiana,679,14.3,Low,0.679
2000,Chronic lower respiratory diseases (J40-J47),CLRD,Kansas,1411,49.1,Low,1.411
2014,"Nephritis, nephrotic syndrome and nephrosis (N00-N07,N17-N19,N25-N27)",Kidney disease,Kansas,569,16.6,Low,0.569
2015,"Accidents (unintentional injuries) (V01-X59,Y85-Y86)",Unintentional injuries,Idaho,746,44.7,Low,0.746
1999,Chronic lower respiratory diseases (J40-J47),CLRD,United States,124181,45.4,Low,124.181
2009,"Nephritis, nephrotic syndrome and nephrosis (N00-N07,N17-N19,N25-N27)",Kidney disease,North Carolina,1828,19.2,Low,1.828
2002,Malignant neoplasms (C00-C97),Cancer,North Dakota,1293,175.5,High,1.293
2002,Chronic lower respiratory diseases (J40-J47),CLRD,Wyoming,324,68.7,Medium,0.324
2002,Influenza and pneumonia (J09-J18),Influenza and pneumonia,Mississippi,801,29.8,Low,0.801
2014,"Intentional self-harm (suicide) (*U03,X60-X84,Y87.0)",Suicide,West Virginia,359,18.1,Low,0.359
2000,"Diseases of heart (I00-I09,I11,I13,I20-I51)",Heart disease,West Virginia,6435,305.0,Very High,6.435
2014,All Causes,All causes,Ohio,114509,810.0,Very High,114.509
2016,Cerebrovascular diseases (I60-I69),Stroke,New York,6258,25.5,Low,6.258
2005,Alzheimer's disease (G30),Alzheimer's disease,Iowa,1082,26.5,Low,1.082
2016,"Intentional self-harm (suicide) (*U03,X60-X84,Y87.0)",Suicide,North Carolina,1373,13.0,Low,1.373
2015,Diabetes mellitus (E10-E14),Diabetes,New Hampshire,308,17.9,Low,0.308
2006,"Accidents (unintentional injuries) (V01-X59,Y85-Y86)",Unintentional injuries,Oregon,1586,40.8,Low,1.586
2004,Diabetes mellitus (E10-E14),Diabetes,South Dakota,229,25.4,Low,0.229
2010,Malignant neoplasms (C00-C97),Cancer,Connecticut,6954,163.4,High,6.954
2017,Influenza and pneumonia (J09-J18),Influenza and pneumonia,North Dakota,147,15.3,Low,0.147
2017,Diabetes mellitus (E10-E14),Diabetes,California,9595,22.1,Low,9.595
2001,Chronic lower respiratory diseases (J40-J47),CLRD,Texas,7739,46.7,Low,7.739
2007,Malignant neoplasms (C00-C97),Cancer,Rhode Island,2213,178.4,High,2.213
2011,Alzheimer's disease (G30),Alzheimer's disease,Florida,4507,16.0,Low,4.507
2004,"Nephritis, nephrotic syndrome and nephrosis (N00-N07,N17-N19,N25-N27)",Kidney disease,Rhode Island,131,9.9,Low,0.131
2016,Chronic lower respiratory diseases (J40-J47),CLRD,Indiana,4214,54.6,Medium,4.214
2014,Influenza and pneumonia (J09-J18),Influenza and pneumonia,Utah,366,16.2,Low,0.366
2005,"Nephritis, nephrotic syndrome and nephrosis (N00-N07,N17-N19,N25-N27)",Kidney disease,Iowa,250,6.4,Low,0.25
2010,Influenza and pneumonia (J09-J18),Influenza and pneumonia,Maine,234,13.4,Low,0.234
2016,Diabetes mellitus (E10-E14),Diabetes,North Carolina,2811,23.5,Low,2.811
2000,"Accidents (unintentional injuries) (V01-X59,Y85-Y86)",Unintentional injuries,Missouri,2398,41.9,Low,2.398
2004,Diabetes mellitus (E10-E14),Diabetes,Ohio,3615,29.3,Low,3.615
2007,Malignant neoplasms (C00-C97),Cancer,Alaska,839,182.6,High,0.839
2011,"Accidents (unintentional injuries) (V01-X59,Y85-Y86)",Unintentional injuries,New York,5537,26.4,Low,5.537
2003,Malignant neoplasms (C00-C97),Cancer,Iowa,6469,187.8,High,6.469
2008,Alzheimer's disease (G30),Alzheimer's disease,Wisconsin,1655,24.4,Low,1.655
2010,Chronic lower respiratory diseases (J40-J47),CLRD,Illinois,5231,39.4,Low,5.231
2006,"Intentional self-harm (suicide) (*U03,X60-X84,Y87.0)",Suicide,South Carolina,524,11.8,Low,0.524
2003,Malignant neoplasms (C00-C97),Cancer,Indiana,12933,207.5,Very High,12.933
2011,Cerebrovascular diseases (I60-I69),Stroke,Mississippi,1526,50.6,Medium,1.526
2009,Cerebrovascular diseases (I60-I69),Stroke,New Mexico,726,35.2,Low,0.726
2014,Alzheimer's disease (G30),Alzheimer's disease,New Hampshire,396,24.0,Low,0.396
2007,"Accidents (unintentional injuries) (V01-X59,Y85-Y86)",Unintentional injuries,Arkansas,1391,47.8,Low,1.391
2005,Malignant neoplasms (C00-C97),Cancer,West Virginia,4617,207.4,Very High,4.617
2003,Alzheimer's disease (G30),Alzheimer's disease,Florida,4316,18.9,Low,4.316
2014,"Intentional self-harm (suicide) (*U03,X60-X84,Y87.0)",Suicide,Hawaii,204,13.8,Low,0.204
2000,Diabetes mellitus (E10-E14),Diabetes,Hawaii,203,16.3,Low,0.203
2010,Influenza and pneumonia (J09-J18),Influenza and pneumonia,Arizona,768,11.4,Low,0.768
2003,"Intentional self-harm (suicide) (*U03,X60-X84,Y87.0)",Suicide,Massachusetts,433,6.5,Low,0.433
2015,Alzheimer's disease (G30),Alzheimer's disease,Alaska,68,16.7,Low,0.068
2006,Cerebrovascular diseases (I60-I69),Stroke,Virginia,3523,50.1,Medium,3.523
2002,Cerebrovascular diseases (I60-I69),Stroke,Idaho,736,60.2,Medium,0.736
2006,Influenza and pneumonia (J09-J18),Influenza and pneumonia,Nebraska,345,16.3,Low,0.345
2016,"Nephritis, nephrotic syndrome and nephrosis (N00-N07,N17-N19,N25-N27)",Kidney disease,New Jersey,1535,13.8,Low,1.535
2002,Cerebrovascular diseases (I60-I69),Stroke,Florida,10269,46.9,Low,10.269
2012,Influenza and pneumonia (J09-J18),Influenza and pneumonia,Kansas,624,18.0,Low,0.624
2003,"Intentional self-harm (suicide) (*U03,X60-X84,Y87.0)",Suicide,Wisconsin,647,11.6,Low,0.647
2004,"Diseases of heart (I00-I09,I11,I13,I20-I51)",Heart disease,Vermont,1289,192.3,High,1.289
2014,Malignant neoplasms (C00-C97),Cancer,Colorado,7405,136.0,High,7.405
2015,Malignant neoplasms (C00-C97),Cancer,Washington,12687,156.4,High,12.687
2003,Alzheimer's disease (G30),Alzheimer's disease,Nevada,309,19.6,Low,0.309
2003,Diabetes mellitus (E10-E14),Diabetes,Delaware,239,28.4,Low,0.239
2011,Chronic lower respiratory diseases (J40-J47),CLRD,Washington,3080,44.0,Low,3.08
2010,"Accidents (unintentional injuries) (V01-X59,Y85-Y86)",Unintentional injuries,Vermont,298,42.7,Low,0.298
2006,Cerebrovascular diseases (I60-I69),Stroke,New York,6398,30.4,Low,6.398
2001,"Intentional self-harm (suicide) (*U03,X60-X84,Y87.0)",Suicide,South Dakota,105,14.0,Low,0.105
2014,"Intentional self-harm (suicide) (*U03,X60-X84,Y87.0)",Suicide,South Carolina,753,15.2,Low,0.753
1999,"Nephritis, nephrotic syndrome and nephrosis (N00-N07,N17-N19,N25-N27)",Kidney disease,Nevada,298,19.2,Low,0.298
2003,Influenza and pneumonia (J09-J18),Influenza and pneumonia,Massachusetts,2019,27.0,Low,2.019
2002,All Causes,All causes,New Mexico,14344,823.8,Very High,14.344
2004,Malignant neoplasms (C00-C97),Cancer,North Dakota,1265,166.8,High,1.265
2006,Diabetes mellitus (E10-E14),Diabetes,Ohio,3761,29.6,Low,3.761
2012,Alzheimer's disease (G30),Alzheimer's disease,Pennsylvania,3505,18.9,Low,3.505
2009,"Diseases of heart (I00-I09,I11,I13,I20-I51)",Heart disease,Colorado,6093,136.5,High,6.093
2005,"Nephritis, nephrotic syndrome and nephrosis (N00-N07,N17-N19,N25-N27)",Kidney disease,Maine,250,15.9,Low,0.25
2006,All Causes,All causes,Virginia,57690,795.0,Very High,57.69
2014,"Nephritis, nephrotic syndrome and nephrosis (N00-N07,N17-N19,N25-N27)",Kidney disease,Wisconsin,980,13.5,Low,0.98
2001,All Causes,All causes,Massachusetts,56754,811.4,Very High,56.754
2007,Alzheimer's disease (G30),Alzheimer's disease,Ohio,3671,27.9,Low,3.671
2011,Cerebrovascular diseases (I60-I69),Stroke,Arizona,2148,30.6,Low,2.148
2009,Influenza and pneumonia (J09-J18),Influenza and pneumonia,South Dakota,134,12.9,Low,0.134
2004,"Accidents (unintentional injuries) (V01-X59,Y85-Y86)",Unintentional injuries,Michigan,3312,32.8,Low,3.312
2009,"Accidents (unintentional injuries) (V01-X59,Y85-Y86)",Unintentional injuries,North Dakota,324,44.1,Low,0.324
2008,Influenza and pneumonia (J09-J18),Influenza and pneumonia,Vermont,74,10.2,Low,0.074
2008,Influenza and pneumonia (J09-J18),Influenza and pneumonia,Oregon,517,12.0,Low,0.517
2013,"Diseases of heart (I00-I09,I11,I13,I20-I51)",Heart disease,Hawaii,2521,139.0,High,2.521
2002,"Diseases of heart (I00-I09,I11,I13,I20-I51)",Heart disease,Maryland,12008,242.4,Very High,12.008
2011,Cerebrovascular diseases (I60-I69),Stroke,Nebraska,810,36.9,Low,0.81
2003,"Nephritis, nephrotic syndrome and nephrosis (N00-N07,N17-N19,N25-N27)",Kidney disease,Arizona,563,10.4,Low,0.563
2012,"Nephritis, nephrotic syndrome and nephrosis (N00-N07,N17-N19,N25-N27)",Kidney disease,Idaho,148,8.8,Low,0.148
2014,"Accidents (unintentional injuries) (V01-X59,Y85-Y86)",Unintentional injuries,South Carolina,2436,48.2,Low,2.436
1999,Alzheimer's disease (G30),Alzheimer's disease,Alabama,772,17.8,Low,0.772
2014,"Intentional self-harm (suicide) (*U03,X60-X84,Y87.0)",Suicide,California,4214,10.5,Low,4.214
2015,"Accidents (unintentional injuries) (V01-X59,Y85-Y86)",Unintentional injuries,West Virginia,1516,77.9,Medium,1.516
2000,All Causes,All causes,Oklahoma,35079,983.0,Very High,35.079
2012,Cerebrovascular diseases (I60-I69),Stroke,Illinois,5337,37.7,Low,5.337
2004,"Accidents (unintentional injuries) (V01-X59,Y85-Y86)",Unintentional injuries,Wyoming,243,47.2,Low,0.243
2014,Diabetes mellitus (E10-E14),Diabetes,North Dakota,176,19.9,Low,0.176
2016,Alzheimer's disease (G30),Alzheimer's disease,Kentucky,1728,35.1,Low,1.728
2001,Cerebrovascular diseases (I60-I69),Stroke,Nebraska,1130,57.5,Medium,1.13
2010,All Causes,All causes,Rhode Island,9579,721.7,Very High,9.579
2003,"Diseases of heart (I00-I09,I11,I13,I20-I51)",Heart disease,District Of Columbia,1630,291.9,Very High,1.63
2000,Influenza and pneumonia (J09-J18),Influenza and pneumonia,California,8324,29.5,Low,8.324
2008,Influenza and pneumonia (J09-J18),Influenza and pneumonia,Florida,2300,9.4,Low,2.3
2003,Chronic lower respiratory diseases (J40-J47),CLRD,Maryland,1986,39.5,Low,1.986
2003,Cerebrovascular diseases (I60-I69),Stroke,Rhode Island,565,42.9,Low,0.565
2017,Influenza and pneumonia (J09-J18),Influenza and pneumonia,Arizona,876,10.1,Low,0.876
2013,Diabetes mellitus (E10-E14),Diabetes,United States,75578,21.2,Low,75.578
2017,"Intentional self-harm (suicide) (*U03,X60-X84,Y87.0)",Suicide,Delaware,112,11.6,Low,0.112
2012,"Intentional self-harm (suicide) (*U03,X60-X84,Y87.0)",Suicide,New York,1708,8.3,Low,1.708
2006,"Intentional self-harm (suicide) (*U03,X60-X84,Y87.0)",Suicide,United States,33300,11.0,Low,33.3
2011,"Nephritis, nephrotic syndrome and nephrosis (N00-N07,N17-N19,N25-N27)",Kidney disease,Connecticut,602,13.1,Low,0.602
2014,Influenza and pneumonia (J09-J18),Influenza and pneumonia,Oregon,450,9.1,Low,0.45
2000,Alzheimer's disease (G30),Alzheimer's disease,Missouri,1096,17.8,Low,1.096
1999,Alzheimer's disease (G30),Alzheimer's disease,Vermont,127,20.5,Low,0.127
2000,Malignant neoplasms (C00-C97),Cancer,Illinois,25365,212.0,Very High,25.365
2015,Diabetes mellitus (E10-E14),Diabetes,Nebraska,553,24.8,Low,0.553
2009,"Intentional self-harm (suicide) (*U03,X60-X84,Y87.0)",Suicide,New Mexico,376,18.2,Low,0.376
2004,Influenza and pneumonia (J09-J18),Influenza and pneumonia,Kentucky,965,24.1,Low,0.965
2017,Alzheimer's disease (G30),Alzheimer's disease,New Jersey,2829,23.6,Low,2.829
2015,"Intentional self-harm (suicide) (*U03,X60-X84,Y87.0)",Suicide,Indiana,960,14.4,Low,0.96
2014,Alzheimer's disease (G30),Alzheimer's disease,Illinois,3266,21.9,Low,3.266
2001,"Intentional self-harm (suicide) (*U03,X60-X84,Y87.0)",Suicide,Iowa,304,10.2,Low,0.304
2015,Alzheimer's disease (G30),Alzheimer's disease,Nevada,874,32.9,Low,0.874
2009,Cerebrovascular diseases (I60-I69),Stroke,Vermont,221,29.7,Low,0.221
2014,Malignant neoplasms (C00-C97),Cancer,Arkansas,6546,183.1,High,6.546
2000,Diabetes mellitus (E10-E14),Diabetes,California,6190,21.3,Low,6.19
2004,All Causes,All causes,Virginia,56550,820.5,Very High,56.55
2004,Chronic lower respiratory diseases (J40-J47),CLRD,South Dakota,391,42.9,Low,0.391
2009,Cerebrovascular diseases (I60-I69),Stroke,Pennsylvania,6842,40.7,Low,6.842
2010,Influenza and pneumonia (J09-J18),Influenza and pneumonia,Alaska,64,15.8,Low,0.064
2005,"Intentional self-harm (suicide) (*U03,X60-X84,Y87.0)",Suicide,Louisiana,505,11.0,Low,0.505
2001,Alzheimer's disease (G30),Alzheimer's disease,Rhode Island,251,18.8,Low,0.251
2012,Cerebrovascular diseases (I60-I69),Stroke,North Carolina,4410,42.8,Low,4.41
2001,All Causes,All causes,California,234044,783.2,Very High,234.044
2015,"Intentional self-harm (suicide) (*U03,X60-X84,Y87.0)",Suicide,New York,1652,7.8,Low,1.652
2009,"Intentional self-harm (suicide) (*U03,X60-X84,Y87.0)",Suicide,Colorado,941,18.7,Low,0.941
2011,"Intentional self-harm (suicide) (*U03,X60-X84,Y87.0)",Suicide,North Carolina,1213,12.3,Low,1.213
2007,Malignant neoplasms (C00-C97),Cancer,Louisiana,8736,199.3,High,8.736
1999,Diabetes mellitus (E10-E14),Diabetes,Alaska,67,23.8,Low,0.067
2009,Alzheimer's disease (G30),Alzheimer's disease,Florida,4617,17.6,Low,4.617
2016,Diabetes mellitus (E10-E14),Diabetes,Connecticut,699,14.9,Low,0.699
2008,Diabetes mellitus (E10-E14),Diabetes,New Jersey,2242,23.1,Low,2.242
2014,"Diseases of heart (I00-I09,I11,I13,I20-I51)",Heart disease,Florida,44511,151.3,High,44.511
2015,"Accidents (unintentional injuries) (V01-X59,Y85-Y86)",Unintentional injuries,California,12544,30.6,Low,12.544
2011,"Intentional self-harm (suicide) (*U03,X60-X84,Y87.0)",Suicide,Utah,502,19.4,Low,0.502
2015,"Intentional self-harm (suicide) (*U03,X60-X84,Y87.0)",Suicide,North Carolina,1406,13.4,Low,1.406
2003,"Intentional self-harm (suicide) (*U03,X60-X84,Y87.0)",Suicide,North Carolina,955,11.2,Low,0.955
2015,"Diseases of heart (I00-I09,I11,I13,I20-I51)",Heart disease,Iowa,6813,160.9,High,6.813
2009,Diabetes mellitus (E10-E14),Diabetes,Indiana,1646,24.1,Low,1.646
2005,Chronic lower respiratory diseases (J40-J47),CLRD,South Dakota,440,48.1,Low,0.44
2010,Influenza and pneumonia (J09-J18),Influenza and pneumonia,United States,50097,15.1,Low,50.097
2010,"Diseases of heart (I00-I09,I11,I13,I20-I51)",Heart disease,New Mexico,3224,151.2,High,3.224
2017,"Nephritis, nephrotic syndrome and nephrosis (N00-N07,N17-N19,N25-N27)",Kidney disease,Massachusetts,1193,13.4,Low,1.193
2014,Influenza and pneumonia (J09-J18),Influenza and pneumonia,Kansas,637,18.2,Low,0.637
2001,Chronic lower respiratory diseases (J40-J47),CLRD,Maine,800,54.4,Medium,0.8
2015,Cerebrovascular diseases (I60-I69),Stroke,West Virginia,1079,43.8,Low,1.079
2004,Malignant neoplasms (C00-C97),Cancer,Utah,2445,141.1,High,2.445
2013,Influenza and pneumonia (J09-J18),Influenza and pneumonia,Ohio,2374,16.6,Low,2.374
2016,"Accidents (unintentional injuries) (V01-X59,Y85-Y86)",Unintentional injuries,Florida,12561,54.9,Medium,12.561
2002,Diabetes mellitus (E10-E14),Diabetes,Delaware,215,26.1,Low,0.215
2000,All Causes,All causes,Indiana,55469,929.6,Very High,55.469
2006,Cerebrovascular diseases (I60-I69),Stroke,Idaho,725,52.7,Medium,0.725
2017,"Accidents (unintentional injuries) (V01-X59,Y85-Y86)",Unintentional injuries,Arizona,4184,56.2,Medium,4.184
2007,Malignant neoplasms (C00-C97),Cancer,Illinois,24115,186.6,High,24.115
2004,Cerebrovascular diseases (I60-I69),Stroke,Maryland,2718,53.2,Medium,2.718
2016,Alzheimer's disease (G30),Alzheimer's disease,Minnesota,2219,31.8,Low,2.219
1999,Influenza and pneumonia (J09-J18),Influenza and pneumonia,Illinois,3121,25.9,Low,3.121
2006,Chronic lower respiratory diseases (J40-J47),CLRD,Alaska,140,37.8,Low,0.14
2017,"Intentional self-harm (suicide) (*U03,X60-X84,Y87.0)",Suicide,Michigan,1457,14.1,Low,1.457
2005,Chronic lower respiratory diseases (J40-J47),CLRD,Connecticut,1471,36.1,Low,1.471
1999,Chronic lower respiratory diseases (J40-J47),CLRD,Missouri,3068,51.7,Medium,3.068
2002,Influenza and pneumonia (J09-J18),Influenza and pneumonia,New York,5368,26.6,Low,5.368
2012,All Causes,All causes,South Carolina,43198,835.2,Very High,43.198
2011,"Nephritis, nephrotic syndrome and nephrosis (N00-N07,N17-N19,N25-N27)",Kidney disease,Virginia,1419,17.5,Low,1.419
2014,All Causes,All causes,Iowa,29190,722.9,Very High,29.19
2010,Chronic lower respiratory diseases (J40-J47),CLRD,Oklahoma,2720,67.4,Medium,2.72
2017,All Causes,All causes,Ohio,123648,849.7,Very High,123.648
2011,Diabetes mellitus (E10-E14),Diabetes,Alaska,107,20.6,Low,0.107
2008,Cerebrovascular diseases (I60-I69),Stroke,Colorado,1565,37.4,Low,1.565
2013,"Intentional self-harm (suicide) (*U03,X60-X84,Y87.0)",Suicide,Mississippi,388,13.0,Low,0.388
2004,Malignant neoplasms (C00-C97),Cancer,Minnesota,9093,177.0,High,9.093
1999,Cerebrovascular diseases (I60-I69),Stroke,Pennsylvania,8600,57.5,Medium,8.6
2004,Alzheimer's disease (G30),Alzheimer's disease,Colorado,912,26.1,Low,0.912
2007,"Accidents (unintentional injuries) (V01-X59,Y85-Y86)",Unintentional injuries,Minnesota,2066,37.5,Low,2.066
2016,"Diseases of heart (I00-I09,I11,I13,I20-I51)",Heart disease,Georgia,18143,179.0,High,18.143
2004,All Causes,All causes,Maine,12443,813.0,Very High,12.443
2012,Diabetes mellitus (E10-E14),Diabetes,New Jersey,1988,19.3,Low,1.988
2013,"Diseases of heart (I00-I09,I11,I13,I20-I51)",Heart disease,Minnesota,7714,119.6,High,7.714
2002,Diabetes mellitus (E10-E14),Diabetes,New Hampshire,311,25.0,Low,0.311
2010,All Causes,All causes,Michigan,88021,786.2,Very High,88.021
2001,Influenza and pneumonia (J09-J18),Influenza and pneumonia,Indiana,1184,19.7,Low,1.184
2002,Chronic lower respiratory diseases (J40-J47),CLRD,Alabama,2328,50.7,Medium,2.328
2003,Influenza and pneumonia (J09-J18),Influenza and pneumonia,Illinois,2875,22.9,Low,2.875
2015,Influenza and pneumonia (J09-J18),Influenza and pneumonia,Delaware,189,16.1,Low,0.189
2005,Influenza and pneumonia (J09-J18),Influenza and pneumonia,Montana,213,19.5,Low,0.213
2007,All Causes,All causes,Kansas,24491,787.8,Very High,24.491
1999,Malignant neoplasms (C00-C97),Cancer,South Dakota,1632,197.4,High,1.632
2010,"Accidents (unintentional injuries) (V01-X59,Y85-Y86)",Unintentional injuries,Minnesota,2103,36.7,Low,2.103
2003,Chronic lower respiratory diseases (J40-J47),CLRD,Oregon,1819,48.5,Low,1.819
2000,Influenza and pneumonia (J09-J18),Influenza and pneumonia,Kansas,743,24.2,Low,0.743
2017,Influenza and pneumonia (J09-J18),Influenza and pneumonia,Tennessee,1656,21.3,Low,1.656
2013,"Diseases of heart (I00-I09,I11,I13,I20-I51)",Heart disease,Mississippi,7715,240.0,Very High,7.715
1999,Malignant neoplasms (C00-C97),Cancer,Pennsylvania,30312,209.5,Very High,30.312
1999,Chronic lower respiratory diseases (J40-J47),CLRD,North Dakota,273,35.8,Low,0.273
2001,Malignant neoplasms (C00-C97),Cancer,Alaska,689,193.7,High,0.689
2000,All Causes,All causes,Connecticut,30129,793.0,Very High,30.129
2008,"Accidents (unintentional injuries) (V01-X59,Y85-Y86)",Unintentional injuries,North Carolina,4313,46.4,Low,4.313
2014,"Accidents (unintentional injuries) (V01-X59,Y85-Y86)",Unintentional injuries,Washington,2997,40.1,Low,2.997
1999,Malignant neoplasms (C00-C97),Cancer,Louisiana,9412,230.5,Very High,9.412
2016,"Diseases of heart (I00-I09,I11,I13,I20-I51)",Heart disease,Tennessee,15429,198.8,High,15.429
1999,"Accidents (unintentional injuries) (V01-X59,Y85-Y86)",Unintentional injuries,Arkansas,1287,47.6,Low,1.287
2005,Diabetes mellitus (E10-E14),Diabetes,Mississippi,677,23.5,Low,0.677
2003,Influenza and pneumonia (J09-J18),Influenza and pneumonia,Nevada,410,23.3,Low,0.41
1999,"Accidents (unintentional injuries) (V01-X59,Y85-Y86)",Unintentional injuries,Florida,5961,35.7,Low,5.961
2012,"Nephritis, nephrotic syndrome and nephrosis (N00-N07,N17-N19,N25-N27)",Kidney disease,New Hampshire,161,10.2,Low,0.161
2014,Alzheimer's disease (G30),Alzheimer's disease,Arkansas,1193,34.8,Low,1.193
2001,"Diseases of heart (I00-I09,I11,I13,I20-I51)",Heart disease,Montana,1970,199.0,High,1.97
2016,Diabetes mellitus (E10-E14),Diabetes,Maine,463,23.9,Low,0.463
1999,Diabetes mellitus (E10-E14),Diabetes,Oregon,860,24.6,Low,0.86
2005,Influenza and pneumonia (J09-J18),Influenza and pneumonia,Louisiana,996,24.0,Low,0.996
2009,"Nephritis, nephrotic syndrome and nephrosis (N00-N07,N17-N19,N25-N27)",Kidney disease,Georgia,1866,23.2,Low,1.866
2000,Chronic lower respiratory diseases (J40-J47),CLRD,Louisiana,1684,41.7,Low,1.684
2008,Malignant neoplasms (C00-C97),Cancer,Ohio,24998,191.9,High,24.998
2012,Alzheimer's disease (G30),Alzheimer's disease,Virginia,1712,21.2,Low,1.712
2008,"Diseases of heart (I00-I09,I11,I13,I20-I51)",Heart disease,Florida,42067,170.8,High,42.067
2006,"Nephritis, nephrotic syndrome and nephrosis (N00-N07,N17-N19,N25-N27)",Kidney disease,Rhode Island,167,12.9,Low,0.167
2001,"Nephritis, nephrotic syndrome and nephrosis (N00-N07,N17-N19,N25-N27)",Kidney disease,Georgia,1362,21.1,Low,1.362
2007,Chronic lower respiratory diseases (J40-J47),CLRD,Maryland,1901,35.2,Low,1.901
2002,"Nephritis, nephrotic syndrome and nephrosis (N00-N07,N17-N19,N25-N27)",Kidney disease,Oregon,266,7.2,Low,0.266
2007,"Intentional self-harm (suicide) (*U03,X60-X84,Y87.0)",Suicide,Wyoming,101,19.3,Low,0.101
2007,Chronic lower respiratory diseases (J40-J47),CLRD,Delaware,379,40.5,Low,0.379
2017,Alzheimer's disease (G30),Alzheimer's disease,Montana,285,20.9,Low,0.285
2014,"Nephritis, nephrotic syndrome and nephrosis (N00-N07,N17-N19,N25-N27)",Kidney disease,Delaware,173,14.8,Low,0.173
2013,Alzheimer's disease (G30),Alzheimer's disease,New Hampshire,351,21.5,Low,0.351
2004,"Intentional self-harm (suicide) (*U03,X60-X84,Y87.0)",Suicide,Massachusetts,425,6.4,Low,0.425
2014,Diabetes mellitus (E10-E14),Diabetes,New Mexico,671,27.5,Low,0.671
2017,All Causes,All causes,Texas,198106,735.7,Very High,198.106
2007,Influenza and pneumonia (J09-J18),Influenza and pneumonia,South Dakota,189,18.7,Low,0.189
2017,Diabetes mellitus (E10-E14),Diabetes,Wyoming,121,18.1,Low,0.121
2008,"Nephritis, nephrotic syndrome and nephrosis (N00-N07,N17-N19,N25-N27)",Kidney disease,Arkansas,638,20.1,Low,0.638
2006,All Causes,All causes,Arizona,46365,767.1,Very High,46.365
2003,Alzheimer's disease (G30),Alzheimer's disease,Virginia,1466,23.4,Low,1.466
2007,"Intentional self-harm (suicide) (*U03,X60-X84,Y87.0)",Suicide,South Carolina,530,11.6,Low,0.53
2017,Malignant neoplasms (C00-C97),Cancer,United States,599108,152.5,High,599.108
2004,Alzheimer's disease (G30),Alzheimer's disease,South Dakota,243,23.9,Low,0.243
2010,All Causes,All causes,New Jersey,69495,691.1,Very High,69.495
2003,Alzheimer's disease (G30),Alzheimer's disease,Michigan,2133,21.4,Low,2.133
2017,Alzheimer's disease (G30),Alzheimer's disease,Indiana,2771,35.3,Low,2.771
2000,Malignant neoplasms (C00-C97),Cancer,New Mexico,2906,172.3,High,2.906
2012,Influenza and pneumonia (J09-J18),Influenza and pneumonia,Oregon,382,8.1,Low,0.382
2009,Diabetes mellitus (E10-E14),Diabetes,Mississippi,900,29.7,Low,0.9
2008,Malignant neoplasms (C00-C97),Cancer,Missouri,12523,189.5,High,12.523
2006,Chronic lower respiratory diseases (J40-J47),CLRD,Colorado,1932,49.3,Low,1.932
2014,"Intentional self-harm (suicide) (*U03,X60-X84,Y87.0)",Suicide,Wisconsin,769,13.1,Low,0.769
2016,"Nephritis, nephrotic syndrome and nephrosis (N00-N07,N17-N19,N25-N27)",Kidney disease,Maryland,823,12.1,Low,0.823
2005,All Causes,All causes,Alabama,47090,1001.3,,47.09
2014,Cerebrovascular diseases (I60-I69),Stroke,Idaho,640,36.8,Low,0.64
2013,Diabetes mellitus (E10-E14),Diabetes,South Dakota,237,22.7,Low,0.237
2013,All Causes,All causes,Ohio,113258,811.2,Very High,113.258
2010,All Causes,All causes,North Carolina,78773,804.9,Very High,78.773
2015,"Nephritis, nephrotic syndrome and nephrosis (N00-N07,N17-N19,N25-N27)",Kidney disease,Oregon,409,8.2,Low,0.409
2006,Cerebrovascular diseases (I60-I69),Stroke,Nevada,847,41.3,Low,0.847
2005,"Diseases of heart (I00-I09,I11,I13,I20-I51)",Heart disease,Illinois,28226,220.7,Very High,28.226
2017,"Nephritis, nephrotic syndrome and nephrosis (N00-N07,N17-N19,N25-N27)",Kidney disease,South Dakota,75,6.8,Low,0.075
2006,"Intentional self-harm (suicide) (*U03,X60-X84,Y87.0)",Suicide,Wyoming,116,21.7,Low,0.116
1999,"Intentional self-harm (suicide) (*U03,X60-X84,Y87.0)",Suicide,West Virginia,229,12.1,Low,0.229
2003,Cerebrovascular diseases (I60-I69),Stroke,South Carolina,2748,71.2,Medium,2.748
2007,Alzheimer's disease (G30),Alzheimer's disease,Pennsylvania,3505,20.3,Low,3.505
2001,All Causes,All causes,Missouri,54982,913.4,Very High,54.982
1999,"Intentional self-harm (suicide) (*U03,X60-X84,Y87.0)",Suicide,Colorado,574,13.7,Low,0.574
2015,"Nephritis, nephrotic syndrome and nephrosis (N00-N07,N17-N19,N25-N27)",Kidney disease,Montana,121,9.3,Low,0.121
2001,Chronic lower respiratory diseases (J40-J47),CLRD,District Of Columbia,150,26.8,Low,0.15
2001,Malignant neoplasms (C00-C97),Cancer,Hawaii,2024,157.2,High,2.024
2007,"Diseases of heart (I00-I09,I11,I13,I20-I51)",Heart disease,Colorado,6106,147.0,High,6.106
2008,Influenza and pneumonia (J09-J18),Influenza and pneumonia,Kansas,743,22.5,Low,0.743
2014,"Accidents (unintentional injuries) (V01-X59,Y85-Y86)",Unintentional injuries,Idaho,765,46.5,Low,0.765
2007,Diabetes mellitus (E10-E14),Diabetes,South Dakota,247,26.1,Low,0.247
2013,"Nephritis, nephrotic syndrome and nephrosis (N00-N07,N17-N19,N25-N27)",Kidney disease,Arkansas,762,22.0,Low,0.762
2011,Alzheimer's disease (G30),Alzheimer's disease,New Hampshire,395,25.7,Low,0.395
2006,Alzheimer's disease (G30),Alzheimer's disease,Minnesota,1299,22.6,Low,1.299
2006,"Accidents (unintentional injuries) (V01-X59,Y85-Y86)",Unintentional injuries,Connecticut,1302,34.6,Low,1.302
2017,"Diseases of heart (I00-I09,I11,I13,I20-I51)",Heart disease,Maryland,11653,164.5,High,11.653
2003,"Nephritis, nephrotic syndrome and nephrosis (N00-N07,N17-N19,N25-N27)",Kidney disease,Indiana,1235,20.0,Low,1.235
2011,"Accidents (unintentional injuries) (V01-X59,Y85-Y86)",Unintentional injuries,Nebraska,678,33.6,Low,0.678
2012,Influenza and pneumonia (J09-J18),Influenza and pneumonia,Montana,155,12.2,Low,0.155
2001,Alzheimer's disease (G30),Alzheimer's disease,New Hampshire,305,25.6,Low,0.305
1999,"Accidents (unintentional injuries) (V01-X59,Y85-Y86)",Unintentional injuries,Minnesota,1772,35.8,Low,1.772
2017,"Intentional self-harm (suicide) (*U03,X60-X84,Y87.0)",Suicide,North Carolina,1521,14.3,Low,1.521
2012,Cerebrovascular diseases (I60-I69),Stroke,Utah,809,37.8,Low,0.809
2014,"Intentional self-harm (suicide) (*U03,X60-X84,Y87.0)",Suicide,Connecticut,379,9.8,Low,0.379
2011,"Accidents (unintentional injuries) (V01-X59,Y85-Y86)",Unintentional injuries,New Mexico,1336,64.4,Medium,1.336
2017,Diabetes mellitus (E10-E14),Diabetes,New York,4176,16.8,Low,4.176
2011,All Causes,All causes,Connecticut,29526,660.6,Very High,29.526
2002,Diabetes mellitus (E10-E14),Diabetes,Georgia,1576,23.1,Low,1.576
2007,"Nephritis, nephrotic syndrome and nephrosis (N00-N07,N17-N19,N25-N27)",Kidney disease,California,2835,8.5,Low,2.835
2000,Influenza and pneumonia (J09-J18),Influenza and pneumonia,Minnesota,845,16.4,Low,0.845
2008,"Accidents (unintentional injuries) (V01-X59,Y85-Y86)",Unintentional injuries,Georgia,3774,42.0,Low,3.774
2016,Cerebrovascular diseases (I60-I69),Stroke,Utah,932,38.8,Low,0.932
2002,"Diseases of heart (I00-I09,I11,I13,I20-I51)",Heart disease,Rhode Island,3109,243.6,Very High,3.109
2002,All Causes,All causes,Mississippi,28853,1051.6,,28.853
2005,All Causes,All causes,Arizona,45827,786.7,Very High,45.827
2004,Alzheimer's disease (G30),Alzheimer's disease,United States,65965,22.6,Low,65.965
2011,Chronic lower respiratory diseases (J40-J47),CLRD,United States,142943,42.5,Low,142.943
1999,Malignant neoplasms (C00-C97),Cancer,United States,549838,200.8,Very High,549.838
2008,Chronic lower respiratory diseases (J40-J47),CLRD,Nevada,1257,56.4,Medium,1.257
2014,Chronic lower respiratory diseases (J40-J47),CLRD,Iowa,1915,47.7,Low,1.915
2006,"Diseases of heart (I00-I09,I11,I13,I20-I51)",Heart disease,North Carolina,17271,197.6,High,17.271
2005,Alzheimer's disease (G30),Alzheimer's disease,Wyoming,110,22.8,Low,0.11
2001,"Nephritis, nephrotic syndrome and nephrosis (N00-N07,N17-N19,N25-N27)",Kidney disease,Mississippi,602,22.2,Low,0.602
2005,Cerebrovascular diseases (I60-I69),Stroke,Mississippi,1622,58.0,Medium,1.622
2000,Chronic lower respiratory diseases (J40-J47),CLRD,Ohio,5983,50.6,Medium,5.983
2001,Influenza and pneumonia (J09-J18),Influenza and pneumonia,New York,5085,25.5,Low,5.085
2000,Alzheimer's disease (G30),Alzheimer's disease,Louisiana,811,20.9,Low,0.811
2004,"Accidents (unintentional injuries) (V01-X59,Y85-Y86)",Unintentional injuries,Nebraska,743,39.7,Low,0.743
2008,Chronic lower respiratory diseases (J40-J47),CLRD,Virginia,3023,40.6,Low,3.023
2014,Alzheimer's disease (G30),Alzheimer's disease,Tennessee,2672,38.1,Low,2.672
1999,Diabetes mellitus (E10-E14),Diabetes,Utah,472,31.4,Low,0.472
2001,"Accidents (unintentional injuries) (V01-X59,Y85-Y86)",Unintentional injuries,Oklahoma,1700,48.5,Low,1.7
2008,Influenza and pneumonia (J09-J18),Influenza and pneumonia,Iowa,829,20.3,Low,0.829
2016,"Nephritis, nephrotic syndrome and nephrosis (N00-N07,N17-N19,N25-N27)",Kidney disease,Nevada,274,8.8,Low,0.274
2013,Alzheimer's disease (G30),Alzheimer's disease,Maine,401,21.6,Low,0.401
2003,Alzheimer's disease (G30),Alzheimer's disease,North Carolina,2145,28.3,Low,2.145
2004,"Diseases of heart (I00-I09,I11,I13,I20-I51)",Heart disease,District Of Columbia,1544,276.4,Very High,1.544
2017,Malignant neoplasms (C00-C97),Cancer,New Jersey,16264,144.6,High,16.264
2003,"Accidents (unintentional injuries) (V01-X59,Y85-Y86)",Unintentional injuries,New York,4708,23.9,Low,4.708
2005,"Intentional self-harm (suicide) (*U03,X60-X84,Y87.0)",Suicide,Connecticut,295,8.1,Low,0.295
1999,Alzheimer's disease (G30),Alzheimer's disease,Illinois,1908,15.9,Low,1.908
2005,Cerebrovascular diseases (I60-I69),Stroke,Louisiana,2469,58.0,Medium,2.469
2000,Cerebrovascular diseases (I60-I69),Stroke,Mississippi,1999,74.1,Medium,1.999
2003,"Nephritis, nephrotic syndrome and nephrosis (N00-N07,N17-N19,N25-N27)",Kidney disease,Illinois,2297,18.5,Low,2.297
2005,"Intentional self-harm (suicide) (*U03,X60-X84,Y87.0)",Suicide,Ohio,1341,11.5,Low,1.341
2013,Cerebrovascular diseases (I60-I69),Stroke,Colorado,1588,32.0,Low,1.588
2017,Chronic lower respiratory diseases (J40-J47),CLRD,Wyoming,366,53.8,Medium,0.366
2007,"Intentional self-harm (suicide) (*U03,X60-X84,Y87.0)",Suicide,Minnesota,572,10.8,Low,0.572
2007,"Diseases of heart (I00-I09,I11,I13,I20-I51)",Heart disease,Texas,38912,200.1,Very High,38.912
2015,Alzheimer's disease (G30),Alzheimer's disease,North Carolina,3803,34.8,Low,3.803
2005,Alzheimer's disease (G30),Alzheimer's disease,Massachusetts,1638,21.1,Low,1.638
2000,Malignant neoplasms (C00-C97),Cancer,Alabama,9807,215.4,Very High,9.807
2007,Influenza and pneumonia (J09-J18),Influenza and pneumonia,Kentucky,897,21.0,Low,0.897
2010,Alzheimer's disease (G30),Alzheimer's disease,United States,83494,25.1,Low,83.494
2014,All Causes,All causes,Georgia,76887,801.9,Very High,76.887
2004,"Nephritis, nephrotic syndrome and nephrosis (N00-N07,N17-N19,N25-N27)",Kidney disease,District Of Columbia,79,14.4,Low,0.079
2015,"Accidents (unintentional injuries) (V01-X59,Y85-Y86)",Unintentional injuries,Ohio,6756,55.9,Medium,6.756
2012,"Diseases of heart (I00-I09,I11,I13,I20-I51)",Heart disease,New Mexico,3352,147.8,High,3.352
1999,"Intentional self-harm (suicide) (*U03,X60-X84,Y87.0)",Suicide,Montana,162,17.7,Low,0.162
2004,"Intentional self-harm (suicide) (*U03,X60-X84,Y87.0)",Suicide,North Dakota,73,11.1,Low,0.073
2010,Malignant neoplasms (C00-C97),Cancer,Montana,1923,161.0,High,1.923
2011,"Accidents (unintentional injuries) (V01-X59,Y85-Y86)",Unintentional injuries,Nevada,1155,42.8,Low,1.155
2016,Malignant neoplasms (C00-C97),Cancer,Alabama,10419,174.0,High,10.419
2003,All Causes,All causes,North Carolina,73459,909.0,Very High,73.459
2006,Malignant neoplasms (C00-C97),Cancer,Alaska,790,177.8,High,0.79
2003,"Accidents (unintentional injuries) (V01-X59,Y85-Y86)",Unintentional injuries,Indiana,2196,35.4,Low,2.196
2007,Cerebrovascular diseases (I60-I69),Stroke,United States,135952,43.5,Low,135.952
2001,Cerebrovascular diseases (I60-I69),Stroke,Kansas,1848,60.9,Medium,1.848
2013,Cerebrovascular diseases (I60-I69),Stroke,Wyoming,213,35.1,Low,0.213
2013,All Causes,All causes,Iowa,28948,723.7,Very High,28.948
2014,Chronic lower respiratory diseases (J40-J47),CLRD,Pennsylvania,6422,37.0,Low,6.422
1999,"Diseases of heart (I00-I09,I11,I13,I20-I51)",Heart disease,Kentucky,12098,310.9,Very High,12.098
1999,Cerebrovascular diseases (I60-I69),Stroke,Florida,10560,50.5,Medium,10.56
2013,Chronic lower respiratory diseases (J40-J47),CLRD,Ohio,7007,49.7,Low,7.007
2003,Influenza and pneumonia (J09-J18),Influenza and pneumonia,Alabama,1157,25.9,Low,1.157
2008,"Nephritis, nephrotic syndrome and nephrosis (N00-N07,N17-N19,N25-N27)",Kidney disease,Illinois,2576,19.6,Low,2.576
2001,Cerebrovascular diseases (I60-I69),Stroke,Virginia,4129,66.3,Medium,4.129
2014,"Accidents (unintentional injuries) (V01-X59,Y85-Y86)",Unintentional injuries,Illinois,4644,34.4,Low,4.644
2004,"Intentional self-harm (suicide) (*U03,X60-X84,Y87.0)",Suicide,Oregon,555,15.1,Low,0.555
1999,Chronic lower respiratory diseases (J40-J47),CLRD,South Carolina,1752,47.0,Low,1.752
2016,Influenza and pneumonia (J09-J18),Influenza and pneumonia,Iowa,504,11.6,Low,0.504
2010,Chronic lower respiratory diseases (J40-J47),CLRD,Alabama,2866,55.4,Medium,2.866
2014,Chronic lower respiratory diseases (J40-J47),CLRD,Nevada,1522,52.9,Medium,1.522
2008,All Causes,All causes,Virginia,59100,776.7,Very High,59.1
2014,"Nephritis, nephrotic syndrome and nephrosis (N00-N07,N17-N19,N25-N27)",Kidney disease,Indiana,1392,18.7,Low,1.392
2006,Alzheimer's disease (G30),Alzheimer's disease,Michigan,2331,22.0,Low,2.331
2010,"Intentional self-harm (suicide) (*U03,X60-X84,Y87.0)",Suicide,Illinois,1178,9.0,Low,1.178
2015,Malignant neoplasms (C00-C97),Cancer,Idaho,2849,153.6,High,2.849
2001,Alzheimer's disease (G30),Alzheimer's disease,Maine,471,31.3,Low,0.471
2008,"Diseases of heart (I00-I09,I11,I13,I20-I51)",Heart disease,Minnesota,7367,126.6,High,7.367
2011,"Intentional self-harm (suicide) (*U03,X60-X84,Y87.0)",Suicide,New Mexico,420,20.3,Low,0.42
2006,"Intentional self-harm (suicide) (*U03,X60-X84,Y87.0)",Suicide,Kentucky,622,14.6,Low,0.622
2015,Alzheimer's disease (G30),Alzheimer's disease,Oklahoma,1498,34.7,Low,1.498
2011,All Causes,All causes,South Carolina,42072,839.5,Very High,42.072
2015,Malignant neoplasms (C00-C97),Cancer,Arkansas,6727,185.4,High,6.727
2009,Malignant neoplasms (C00-C97),Cancer,Maryland,10412,176.7,High,10.412
2011,Influenza and pneumonia (J09-J18),Influenza and pneumonia,Utah,358,17.1,Low,0.358
2016,Cerebrovascular diseases (I60-I69),Stroke,Oklahoma,1859,41.8,Low,1.859
1999,All Causes,All causes,Florida,163224,812.8,Very High,163.224
2011,"Accidents (unintentional injuries) (V01-X59,Y85-Y86)",Unintentional injuries,North Carolina,4297,43.8,Low,4.297
2016,"Diseases of heart (I00-I09,I11,I13,I20-I51)",Heart disease,Iowa,6937,162.8,High,6.937
2005,"Accidents (unintentional injuries) (V01-X59,Y85-Y86)",Unintentional injuries,Minnesota,1922,36.2,Low,1.922
2005,Cerebrovascular diseases (I60-I69),Stroke,Kansas,1571,50.3,Medium,1.571
2016,"Diseases of heart (I00-I09,I11,I13,I20-I51)",Heart disease,New Hampshire,2631,151.1,High,2.631
2001,Alzheimer's disease (G30),Alzheimer's disease,Wyoming,114,25.4,Low,0.114
2010,Cerebrovascular diseases (I60-I69),Stroke,Hawaii,605,35.8,Low,0.605
2016,Influenza and pneumonia (J09-J18),Influenza and pneumonia,New Jersey,1208,10.7,Low,1.208
1999,"Nephritis, nephrotic syndrome and nephrosis (N00-N07,N17-N19,N25-N27)",Kidney disease,Tennessee,675,12.3,Low,0.675
2003,Cerebrovascular diseases (I60-I69),Stroke,Utah,876,55.2,Medium,0.876
2012,Chronic lower respiratory diseases (J40-J47),CLRD,Louisiana,2074,44.5,Low,2.074
2012,All Causes,All causes,Georgia,72847,808.6,Very High,72.847
2017,"Nephritis, nephrotic syndrome and nephrosis (N00-N07,N17-N19,N25-N27)",Kidney disease,Texas,4256,16.0,Low,4.256
2003,"Intentional self-harm (suicide) (*U03,X60-X84,Y87.0)",Suicide,Connecticut,272,7.5,Low,0.272
2009,Malignant neoplasms (C00-C97),Cancer,Virginia,14122,176.2,High,14.122
2015,"Diseases of heart (I00-I09,I11,I13,I20-I51)",Heart disease,Alaska,846,154.1,High,0.846
2014,All Causes,All causes,Missouri,58320,807.0,Very High,58.32
2008,All Causes,All causes,United States,2471984,774.9,Very High,2471.984
2008,Chronic lower respiratory diseases (J40-J47),CLRD,Pennsylvania,6767,42.0,Low,6.767
2007,Chronic lower respiratory diseases (J40-J47),CLRD,North Carolina,4231,46.9,Low,4.231
2015,All Causes,All causes,Hawaii,11053,588.2,Very High,11.053
2016,"Nephritis, nephrotic syndrome and nephrosis (N00-N07,N17-N19,N25-N27)",Kidney disease,Missouri,1483,19.6,Low,1.483
2003,"Diseases of heart (I00-I09,I11,I13,I20-I51)",Heart disease,New Hampshire,2725,216.7,Very High,2.725
2007,"Accidents (unintentional injuries) (V01-X59,Y85-Y86)",Unintentional injuries,Vermont,303,44.9,Low,0.303
2011,"Nephritis, nephrotic syndrome and nephrosis (N00-N07,N17-N19,N25-N27)",Kidney disease,Alaska,53,12.5,Low,0.053
2006,Cerebrovascular diseases (I60-I69),Stroke,Pennsylvania,7151,44.2,Low,7.151
2007,"Accidents (unintentional injuries) (V01-X59,Y85-Y86)",Unintentional injuries,Mississippi,1808,62.2,Medium,1.808
2005,Chronic lower respiratory diseases (J40-J47),CLRD,Kentucky,2578,61.0,Medium,2.578
2005,"Nephritis, nephrotic syndrome and nephrosis (N00-N07,N17-N19,N25-N27)",Kidney disease,Colorado,470,12.5,Low,0.47
2002,"Intentional self-harm (suicide) (*U03,X60-X84,Y87.0)",Suicide,Oregon,518,14.4,Low,0.518
2015,Alzheimer's disease (G30),Alzheimer's disease,Idaho,552,31.6,Low,0.552
2012,"Intentional self-harm (suicide) (*U03,X60-X84,Y87.0)",Suicide,Utah,550,21.0,Low,0.55
2003,"Nephritis, nephrotic syndrome and nephrosis (N00-N07,N17-N19,N25-N27)",Kidney disease,New Jersey,1696,18.5,Low,1.696
2004,Malignant neoplasms (C00-C97),Cancer,Missouri,12450,201.1,Very High,12.45
2009,Influenza and pneumonia (J09-J18),Influenza and pneumonia,Alabama,952,19.2,Low,0.952
2015,"Nephritis, nephrotic syndrome and nephrosis (N00-N07,N17-N19,N25-N27)",Kidney disease,United States,49959,13.4,Low,49.959
2012,Cerebrovascular diseases (I60-I69),Stroke,Idaho,610,37.2,Low,0.61
2006,"Diseases of heart (I00-I09,I11,I13,I20-I51)",Heart disease,Arkansas,7431,240.5,Very High,7.431
2017,"Diseases of heart (I00-I09,I11,I13,I20-I51)",Heart disease,District Of Columbia,1284,189.8,High,1.284
2000,"Intentional self-harm (suicide) (*U03,X60-X84,Y87.0)",Suicide,Rhode Island,75,7.1,Low,0.075
2017,"Intentional self-harm (suicide) (*U03,X60-X84,Y87.0)",Suicide,Florida,3227,14.0,Low,3.227
2017,"Intentional self-harm (suicide) (*U03,X60-X84,Y87.0)",Suicide,Georgia,1451,13.6,Low,1.451
2013,"Accidents (unintentional injuries) (V01-X59,Y85-Y86)",Unintentional injuries,Pennsylvania,6359,44.9,Low,6.359
2006,"Intentional self-harm (suicide) (*U03,X60-X84,Y87.0)",Suicide,Hawaii,120,9.0,Low,0.12
2011,Influenza and pneumonia (J09-J18),Influenza and pneumonia,Kansas,647,18.8,Low,0.647
2001,"Intentional self-harm (suicide) (*U03,X60-X84,Y87.0)",Suicide,Georgia,935,11.4,Low,0.935
2007,Alzheimer's disease (G30),Alzheimer's disease,Mississippi,797,28.9,Low,0.797
1999,Diabetes mellitus (E10-E14),Diabetes,Virginia,1486,23.6,Low,1.486
2005,"Nephritis, nephrotic syndrome and nephrosis (N00-N07,N17-N19,N25-N27)",Kidney disease,Kentucky,912,21.9,Low,0.912
2008,All Causes,All causes,Arkansas,29322,927.3,Very High,29.322
2009,Chronic lower respiratory diseases (J40-J47),CLRD,Rhode Island,511,39.8,Low,0.511
2017,All Causes,All causes,Nebraska,16878,726.0,Very High,16.878
2002,"Accidents (unintentional injuries) (V01-X59,Y85-Y86)",Unintentional injuries,Michigan,3285,33.0,Low,3.285
2010,Alzheimer's disease (G30),Alzheimer's disease,Connecticut,820,17.1,Low,0.82
2010,"Diseases of heart (I00-I09,I11,I13,I20-I51)",Heart disease,United States,597689,179.1,High,597.689
2009,All Causes,All causes,South Carolina,40449,846.9,Very High,40.449
2017,"Diseases of heart (I00-I09,I11,I13,I20-I51)",Heart disease,Michigan,25187,196.1,High,25.187
2005,Cerebrovascular diseases (I60-I69),Stroke,Wisconsin,2960,47.4,Low,2.96
2004,Chronic lower respiratory diseases (J40-J47),CLRD,Kansas,1316,44.9,Low,1.316
2016,"Accidents (unintentional injuries) (V01-X59,Y85-Y86)",Unintentional injuries,United States,161374,47.4,Low,161.374
2000,Alzheimer's disease (G30),Alzheimer's disease,Alaska,47,21.5,Low,0.047
2009,All Causes,All causes,Alabama,47470,940.2,Very High,47.47
2016,Malignant neoplasms (C00-C97),Cancer,Texas,40195,148.5,High,40.195
2011,Influenza and pneumonia (J09-J18),Influenza and pneumonia,South Dakota,178,16.3,Low,0.178
2001,Influenza and pneumonia (J09-J18),Influenza and pneumonia,Kentucky,1114,28.6,Low,1.114
2005,"Diseases of heart (I00-I09,I11,I13,I20-I51)",Heart disease,Minnesota,7926,145.4,High,7.926
2005,"Diseases of heart (I00-I09,I11,I13,I20-I51)",Heart disease,Texas,40152,220.4,Very High,40.152
2009,Cerebrovascular diseases (I60-I69),Stroke,Massachusetts,2579,32.5,Low,2.579
2001,Alzheimer's disease (G30),Alzheimer's disease,Delaware,135,18.0,Low,0.135
2002,Alzheimer's disease (G30),Alzheimer's disease,North Dakota,294,33.7,Low,0.294
2017,"Diseases of heart (I00-I09,I11,I13,I20-I51)",Heart disease,Kentucky,10343,195.9,High,10.343
2011,"Accidents (unintentional injuries) (V01-X59,Y85-Y86)",Unintentional injuries,Washington,2709,38.1,Low,2.709
2007,Influenza and pneumonia (J09-J18),Influenza and pneumonia,District Of Columbia,82,14.3,Low,0.082
2012,Alzheimer's disease (G30),Alzheimer's disease,Nebraska,570,24.4,Low,0.57
2015,All Causes,All causes,California,259206,621.6,Very High,259.206
2010,"Diseases of heart (I00-I09,I11,I13,I20-I51)",Heart disease,Idaho,2495,159.3,High,2.495
2017,Diabetes mellitus (E10-E14),Diabetes,New Jersey,1908,16.9,Low,1.908
2008,"Nephritis, nephrotic syndrome and nephrosis (N00-N07,N17-N19,N25-N27)",Kidney disease,Rhode Island,163,12.0,Low,0.163
2015,Diabetes mellitus (E10-E14),Diabetes,West Virginia,784,31.7,Low,0.784
2012,Chronic lower respiratory diseases (J40-J47),CLRD,District Of Columbia,139,23.5,Low,0.139
2009,Chronic lower respiratory diseases (J40-J47),CLRD,United States,137353,42.7,Low,137.353
2000,Diabetes mellitus (E10-E14),Diabetes,Arkansas,714,24.6,Low,0.714
2010,"Diseases of heart (I00-I09,I11,I13,I20-I51)",Heart disease,Hawaii,2239,134.7,High,2.239
2012,Malignant neoplasms (C00-C97),Cancer,Oregon,7832,168.0,High,7.832
2002,All Causes,All causes,Pennsylvania,130223,874.1,Very High,130.223
2001,"Diseases of heart (I00-I09,I11,I13,I20-I51)",Heart disease,Delaware,2033,261.2,Very High,2.033
2017,"Intentional self-harm (suicide) (*U03,X60-X84,Y87.0)",Suicide,Rhode Island,129,11.8,Low,0.129
2008,Cerebrovascular diseases (I60-I69),Stroke,Wisconsin,2638,40.1,Low,2.638
2013,"Nephritis, nephrotic syndrome and nephrosis (N00-N07,N17-N19,N25-N27)",Kidney disease,Alaska,49,10.1,Low,0.049
2009,"Nephritis, nephrotic syndrome and nephrosis (N00-N07,N17-N19,N25-N27)",Kidney disease,Massachusetts,1269,16.1,Low,1.269
2011,Chronic lower respiratory diseases (J40-J47),CLRD,Iowa,1833,47.6,Low,1.833
2010,Chronic lower respiratory diseases (J40-J47),CLRD,Colorado,2199,49.7,Low,2.199
1999,Alzheimer's disease (G30),Alzheimer's disease,New Mexico,248,16.4,Low,0.248
2002,Malignant neoplasms (C00-C97),Cancer,Tennessee,12518,214.6,Very High,12.518
2017,"Accidents (unintentional injuries) (V01-X59,Y85-Y86)",Unintentional injuries,New Jersey,4482,47.3,Low,4.482
2001,Malignant neoplasms (C00-C97),Cancer,South Carolina,8272,208.3,Very High,8.272
2011,All Causes,All causes,New Jersey,70558,690.6,Very High,70.558
2007,"Accidents (unintentional injuries) (V01-X59,Y85-Y86)",Unintentional injuries,Colorado,2056,44.8,Low,2.056
2010,All Causes,All causes,Iowa,27745,721.7,Very High,27.745
2000,"Nephritis, nephrotic syndrome and nephrosis (N00-N07,N17-N19,N25-N27)",Kidney disease,Nevada,329,21.0,Low,0.329
2008,"Intentional self-harm (suicide) (*U03,X60-X84,Y87.0)",Suicide,Delaware,109,11.9,Low,0.109
2005,"Accidents (unintentional injuries) (V01-X59,Y85-Y86)",Unintentional injuries,Virginia,2638,35.6,Low,2.638
2015,Alzheimer's disease (G30),Alzheimer's disease,Colorado,1612,31.3,Low,1.612
2014,"Accidents (unintentional injuries) (V01-X59,Y85-Y86)",Unintentional injuries,New Hampshire,716,50.5,Medium,0.716
2008,"Diseases of heart (I00-I09,I11,I13,I20-I51)",Heart disease,North Carolina,17335,186.4,High,17.335
2009,Diabetes mellitus (E10-E14),Diabetes,Maryland,1207,20.6,Low,1.207
2004,"Nephritis, nephrotic syndrome and nephrosis (N00-N07,N17-N19,N25-N27)",Kidney disease,Kansas,554,18.1,Low,0.554
2011,"Accidents (unintentional injuries) (V01-X59,Y85-Y86)",Unintentional injuries,Utah,1058,42.9,Low,1.058
2004,Influenza and pneumonia (J09-J18),Influenza and pneumonia,Nevada,402,21.5,Low,0.402
2004,Malignant neoplasms (C00-C97),Cancer,Delaware,1827,208.3,Very High,1.827
2011,"Diseases of heart (I00-I09,I11,I13,I20-I51)",Heart disease,Utah,3036,144.4,High,3.036
2013,Diabetes mellitus (E10-E14),Diabetes,New Mexico,646,27.6,Low,0.646
2008,Alzheimer's disease (G30),Alzheimer's disease,Michigan,2739,24.8,Low,2.739
2004,Malignant neoplasms (C00-C97),Cancer,Pennsylvania,29424,196.1,High,29.424
2013,"Accidents (unintentional injuries) (V01-X59,Y85-Y86)",Unintentional injuries,Michigan,4225,40.1,Low,4.225
1999,"Intentional self-harm (suicide) (*U03,X60-X84,Y87.0)",Suicide,Mississippi,304,11.0,Low,0.304
2016,"Diseases of heart (I00-I09,I11,I13,I20-I51)",Heart disease,Virginia,14124,150.7,High,14.124
2000,Influenza and pneumonia (J09-J18),Influenza and pneumonia,South Carolina,699,19.5,Low,0.699
2002,Influenza and pneumonia (J09-J18),Influenza and pneumonia,Montana,255,25.2,Low,0.255
2014,Chronic lower respiratory diseases (J40-J47),CLRD,Utah,757,32.6,Low,0.757
2001,Diabetes mellitus (E10-E14),Diabetes,Pennsylvania,3826,25.9,Low,3.826
2002,Chronic lower respiratory diseases (J40-J47),CLRD,North Carolina,3674,46.6,Low,3.674
2017,Influenza and pneumonia (J09-J18),Influenza and pneumonia,District Of Columbia,79,11.4,Low,0.079
2013,"Nephritis, nephrotic syndrome and nephrosis (N00-N07,N17-N19,N25-N27)",Kidney disease,California,2840,7.2,Low,2.84
2010,Diabetes mellitus (E10-E14),Diabetes,New York,3642,16.7,Low,3.642
2001,Cerebrovascular diseases (I60-I69),Stroke,Maine,822,55.2,Medium,0.822
2000,Diabetes mellitus (E10-E14),Diabetes,North Carolina,2084,27.3,Low,2.084
2006,Cerebrovascular diseases (I60-I69),Stroke,Louisiana,2195,53.9,Medium,2.195
2011,Malignant neoplasms (C00-C97),Cancer,New York,35469,160.6,High,35.469
2001,Alzheimer's disease (G30),Alzheimer's disease,Minnesota,1173,22.1,Low,1.173
2011,Chronic lower respiratory diseases (J40-J47),CLRD,North Dakota,342,39.6,Low,0.342
2010,Alzheimer's disease (G30),Alzheimer's disease,Oklahoma,1015,26.1,Low,1.015
2012,Chronic lower respiratory diseases (J40-J47),CLRD,Kansas,1687,51.8,Medium,1.687
2017,Cerebrovascular diseases (I60-I69),Stroke,Idaho,726,38.5,Low,0.726
2012,"Diseases of heart (I00-I09,I11,I13,I20-I51)",Heart disease,Colorado,6311,127.3,High,6.311
2012,Chronic lower respiratory diseases (J40-J47),CLRD,New Hampshire,674,43.5,Low,0.674
2010,"Diseases of heart (I00-I09,I11,I13,I20-I51)",Heart disease,Mississippi,7542,251.1,Very High,7.542
2001,All Causes,All causes,Oklahoma,34682,968.5,Very High,34.682
2002,Chronic lower respiratory diseases (J40-J47),CLRD,Iowa,1580,44.4,Low,1.58
2012,Influenza and pneumonia (J09-J18),Influenza and pneumonia,Alaska,52,10.0,Low,0.052
2000,Cerebrovascular diseases (I60-I69),Stroke,Colorado,1907,58.7,Medium,1.907
1999,"Intentional self-harm (suicide) (*U03,X60-X84,Y87.0)",Suicide,Alaska,96,16.8,Low,0.096
2012,Diabetes mellitus (E10-E14),Diabetes,Florida,5092,19.2,Low,5.092
2008,Cerebrovascular diseases (I60-I69),Stroke,Alaska,172,44.5,Low,0.172
2009,Alzheimer's disease (G30),Alzheimer's disease,New York,2396,10.5,Low,2.396
2008,Alzheimer's disease (G30),Alzheimer's disease,Washington,3105,47.1,Low,3.105
2004,Diabetes mellitus (E10-E14),Diabetes,West Virginia,840,38.2,Low,0.84
2009,"Intentional self-harm (suicide) (*U03,X60-X84,Y87.0)",Suicide,Kansas,382,13.6,Low,0.382
2005,"Accidents (unintentional injuries) (V01-X59,Y85-Y86)",Unintentional injuries,Maine,579,41.7,Low,0.579
2009,"Nephritis, nephrotic syndrome and nephrosis (N00-N07,N17-N19,N25-N27)",Kidney disease,Connecticut,585,13.3,Low,0.585
2004,Cerebrovascular diseases (I60-I69),Stroke,Oklahoma,2183,60.3,Medium,2.183
2004,"Diseases of heart (I00-I09,I11,I13,I20-I51)",Heart disease,Indiana,14636,233.2,Very High,14.636
2000,"Accidents (unintentional injuries) (V01-X59,Y85-Y86)",Unintentional injuries,Pennsylvania,4583,35.2,Low,4.583
2008,"Diseases of heart (I00-I09,I11,I13,I20-I51)",Heart disease,Rhode Island,2657,193.6,High,2.657
2010,"Intentional self-harm (suicide) (*U03,X60-X84,Y87.0)",Suicide,Georgia,1133,11.7,Low,1.133
2004,Alzheimer's disease (G30),Alzheimer's disease,Rhode Island,283,20.1,Low,0.283
2005,"Nephritis, nephrotic syndrome and nephrosis (N00-N07,N17-N19,N25-N27)",Kidney disease,Massachusetts,1410,19.1,Low,1.41
2017,"Diseases of heart (I00-I09,I11,I13,I20-I51)",Heart disease,Arizona,12398,141.9,High,12.398
2012,Cerebrovascular diseases (I60-I69),Stroke,Rhode Island,433,30.6,Low,0.433
2010,Influenza and pneumonia (J09-J18),Influenza and pneumonia,Rhode Island,197,13.8,Low,0.197
2005,"Accidents (unintentional injuries) (V01-X59,Y85-Y86)",Unintentional injuries,Alaska,313,50.8,Medium,0.313
2001,Alzheimer's disease (G30),Alzheimer's disease,Georgia,1419,24.1,Low,1.419
2008,Chronic lower respiratory diseases (J40-J47),CLRD,Colorado,2188,52.5,Medium,2.188
2003,Malignant neoplasms (C00-C97),Cancer,Oregon,7232,192.5,High,7.232
2010,Influenza and pneumonia (J09-J18),Influenza and pneumonia,Massachusetts,1291,16.0,Low,1.291
2001,Influenza and pneumonia (J09-J18),Influenza and pneumonia,Utah,411,27.2,Low,0.411
2000,"Nephritis, nephrotic syndrome and nephrosis (N00-N07,N17-N19,N25-N27)",Kidney disease,Hawaii,113,9.2,Low,0.113
2002,"Accidents (unintentional injuries) (V01-X59,Y85-Y86)",Unintentional injuries,Oklahoma,1580,44.9,Low,1.58
2009,"Nephritis, nephrotic syndrome and nephrosis (N00-N07,N17-N19,N25-N27)",Kidney disease,New York,2426,11.1,Low,2.426
2004,"Accidents (unintentional injuries) (V01-X59,Y85-Y86)",Unintentional injuries,Maine,480,35.5,Low,0.48
2005,"Accidents (unintentional injuries) (V01-X59,Y85-Y86)",Unintentional injuries,Mississippi,1936,67.1,Medium,1.936
2000,Cerebrovascular diseases (I60-I69),Stroke,Alaska,170,66.1,Medium,0.17
2015,"Accidents (unintentional injuries) (V01-X59,Y85-Y86)",Unintentional injuries,Pennsylvania,7324,52.0,Medium,7.324
2013,All Causes,All causes,Wisconsin,50026,720.1,Very High,50.026
2014,"Diseases of heart (I00-I09,I11,I13,I20-I51)",Heart disease,Utah,3431,151.0,High,3.431
2015,"Nephritis, nephrotic syndrome and nephrosis (N00-N07,N17-N19,N25-N27)",Kidney disease,Kentucky,998,19.7,Low,0.998
2003,Malignant neoplasms (C00-C97),Cancer,New Jersey,17957,197.3,High,17.957
2017,"Accidents (unintentional injuries) (V01-X59,Y85-Y86)",Unintentional injuries,Virginia,3922,44.0,Low,3.922
2016,"Nephritis, nephrotic syndrome and nephrosis (N00-N07,N17-N19,N25-N27)",Kidney disease,Kentucky,1034,20.3,Low,1.034
2008,Chronic lower respiratory diseases (J40-J47),CLRD,Arkansas,1887,58.7,Medium,1.887
2010,Alzheimer's disease (G30),Alzheimer's disease,Arizona,2327,35.3,Low,2.327
2013,Chronic lower respiratory diseases (J40-J47),CLRD,Louisiana,2274,47.3,Low,2.274
2003,Alzheimer's disease (G30),Alzheimer's disease,Rhode Island,303,22.0,Low,0.303
2013,"Accidents (unintentional injuries) (V01-X59,Y85-Y86)",Unintentional injuries,Wisconsin,2969,46.8,Low,2.969
2006,Chronic lower respiratory diseases (J40-J47),CLRD,Louisiana,1687,40.8,Low,1.687
