Year,113 Cause Name,Cause Name,State,Deaths,Age-adjusted Death Rate
2007,All Causes,All causes,Washington,47323,731.9
2015,Influenza and pneumonia (J09-J18),Influenza and pneumonia,Arizona,775,9.5
2013,"Diseases of heart (I00-I09,I11,I13,I20-I51)",Heart disease,North Dakota,1382,150.7
2008,"Diseases of heart (I00-I09,I11,I13,I20-I51)",Heart disease,Texas,38384,191.7
2015,"Nephritis, nephrotic syndrome and nephrosis (N00-N07,N17-N19,N25-N27)",Kidney disease,Virginia,1470,16.1
2008,Influenza and pneumonia (J09-J18),Influenza and pneumonia,Tennessee,1424,22.7
2005,Chronic lower respiratory diseases (J40-J47),CLRD,United States,130933,43.9
2002,Diabetes mellitus (E10-E14),Diabetes,New Mexico,582,33.0
2015,"Accidents (unintentional injuries) (V01-X59,Y85-Y86)",Unintentional injuries,Arizona,3539,49.2
2016,"Intentional self-harm (suicide) (*U03,X60-X84,Y87.0)",Suicide,Massachusetts,631,8.8
1999,Diabetes mellitus (E10-E14),Diabetes,Indiana,1591,26.9
2009,Malignant neoplasms (C00-C97),Cancer,Indiana,13093,190.4
1999,"Diseases of heart (I00-I09,I11,I13,I20-I51)",Heart disease,Georgia,17597,282.8
1999,"Nephritis, nephrotic syndrome and nephrosis (N00-N07,N17-N19,N25-N27)",Kidney disease,Wisconsin,677,11.9
2007,"Diseases of heart (I00-I09,I11,I13,I20-I51)",Heart disease,Idaho,2433,167.9
2006,Diabetes mellitus (E10-E14),Diabetes,Wyoming,126,23.9
2008,Alzheimer's disease (G30),Alzheimer's disease,Maine,450,26.3
2000,"Nephritis, nephrotic syndrome and nephrosis (N00-N07,N17-N19,N25-N27)",Kidney disease,North Dakota,67,8.0
2014,Influenza and pneumonia (J09-J18),Influenza and pneumonia,Tennessee,1602,22.1
2000,Diabetes mellitus (E10-E14),Diabetes,Florida,4449,21.6
2014,All Causes,All causes,Massachusetts,55200,663.0
2016,Diabetes mellitus (E10-E14),Diabetes,Wisconsin,1440,19.9
2002,"Diseases of heart (I00-I09,I11,I13,I20-I51)",Heart disease,Nebraska,4242,215.5
2000,Diabetes mellitus (E10-E14),Diabetes,New Jersey,2483,28.2
2010,"Accidents (unintentional injuries) (V01-X59,Y85-Y86)",Unintentional injuries,Rhode Island,475,40.1
2004,"Intentional self-harm (suicide) (*U03,X60-X84,Y87.0)",Suicide,Idaho,236,17.6
2008,Diabetes mellitus (E10-E14),Diabetes,Massachusetts,1079,14.5
2009,Cerebrovascular diseases (I60-I69),Stroke,Kansas,1416,43.2
2003,All Causes,All causes,Alabama,46716,1020.2
2009,"Diseases of heart (I00-I09,I11,I13,I20-I51)",Heart disease,South Carolina,9068,189.5
2012,Chronic lower respiratory diseases (J40-J47),CLRD,Colorado,2239,46.7
2017,"Accidents (unintentional injuries) (V01-X59,Y85-Y86)",Unintentional injuries,New York,7687,35.5
2001,"Nephritis, nephrotic syndrome and nephrosis (N00-N07,N17-N19,N25-N27)",Kidney disease,Maine,208,14.0
2013,Cerebrovascular diseases (I60-I69),Stroke,Utah,836,38.2
2004,"Nephritis, nephrotic syndrome and nephrosis (N00-N07,N17-N19,N25-N27)",Kidney disease,Massachusetts,1250,17.1
2002,"Nephritis, nephrotic syndrome and nephrosis (N00-N07,N17-N19,N25-N27)",Kidney disease,Oklahoma,500,13.9
2005,All Causes,All causes,Rhode Island,10007,781.2
1999,Malignant neoplasms (C00-C97),Cancer,Iowa,6346,189.1
2010,Influenza and pneumonia (J09-J18),Influenza and pneumonia,Washington,578,8.3
2006,"Intentional self-harm (suicide) (*U03,X60-X84,Y87.0)",Suicide,West Virginia,269,14.0
2015,"Diseases of heart (I00-I09,I11,I13,I20-I51)",Heart disease,New Hampshire,2571,149.0
2003,Alzheimer's disease (G30),Alzheimer's disease,Utah,332,21.4
2006,"Intentional self-harm (suicide) (*U03,X60-X84,Y87.0)",Suicide,Louisiana,492,11.5
2017,Influenza and pneumonia (J09-J18),Influenza and pneumonia,Texas,2954,11.2
2014,Cerebrovascular diseases (I60-I69),Stroke,West Virginia,1103,45.3
2017,Diabetes mellitus (E10-E14),Diabetes,Texas,5832,21.2
2008,"Nephritis, nephrotic syndrome and nephrosis (N00-N07,N17-N19,N25-N27)",Kidney disease,Connecticut,589,13.5
2005,All Causes,All causes,Hawaii,9136,638.3
2001,Alzheimer's disease (G30),Alzheimer's disease,New York,1705,8.5
2000,Alzheimer's disease (G30),Alzheimer's disease,North Carolina,1725,24.3
2005,Cerebrovascular diseases (I60-I69),Stroke,Ohio,6279,50.2
2004,Alzheimer's disease (G30),Alzheimer's disease,Tennessee,1615,29.3
2017,"Diseases of heart (I00-I09,I11,I13,I20-I51)",Heart disease,Colorado,7060,122.7
2009,"Diseases of heart (I00-I09,I11,I13,I20-I51)",Heart disease,Washington,10561,153.9
2015,"Accidents (unintentional injuries) (V01-X59,Y85-Y86)",Unintentional injuries,Iowa,1537,42.1
2003,"Nephritis, nephrotic syndrome and nephrosis (N00-N07,N17-N19,N25-N27)",Kidney disease,Kansas,531,17.6
2010,"Accidents (unintentional injuries) (V01-X59,Y85-Y86)",Unintentional injuries,Indiana,2534,38.5
2012,Diabetes mellitus (E10-E14),Diabetes,Arizona,1736,23.4
2007,Influenza and pneumonia (J09-J18),Influenza and pneumonia,Alabama,898,18.8
2004,Influenza and pneumonia (J09-J18),Influenza and pneumonia,Louisiana,913,22.2
2015,"Intentional self-harm (suicide) (*U03,X60-X84,Y87.0)",Suicide,Kentucky,776,17.1
1999,Diabetes mellitus (E10-E14),Diabetes,California,6401,22.5
2017,Malignant neoplasms (C00-C97),Cancer,Illinois,24150,157.9
2007,Cerebrovascular diseases (I60-I69),Stroke,Montana,443,39.0
2006,"Nephritis, nephrotic syndrome and nephrosis (N00-N07,N17-N19,N25-N27)",Kidney disease,Ohio,1758,13.9
2016,Alzheimer's disease (G30),Alzheimer's disease,North Carolina,4153,37.2
2005,Influenza and pneumonia (J09-J18),Influenza and pneumonia,Maryland,1194,22.8
2008,Cerebrovascular diseases (I60-I69),Stroke,Oklahoma,2079,54.0
2010,Alzheimer's disease (G30),Alzheimer's disease,Ohio,4109,29.7
2006,Diabetes mellitus (E10-E14),Diabetes,Maine,343,21.4
2017,"Intentional self-harm (suicide) (*U03,X60-X84,Y87.0)",Suicide,Kentucky,770,16.9
2007,Alzheimer's disease (G30),Alzheimer's disease,Michigan,2432,22.4
2007,Influenza and pneumonia (J09-J18),Influenza and pneumonia,Wisconsin,1022,15.7
2011,Malignant neoplasms (C00-C97),Cancer,Texas,37351,162.3
2003,Influenza and pneumonia (J09-J18),Influenza and pneumonia,Texas,3613,21.4
2012,"Nephritis, nephrotic syndrome and nephrosis (N00-N07,N17-N19,N25-N27)",Kidney disease,North Dakota,117,13.3
2010,Influenza and pneumonia (J09-J18),Influenza and pneumonia,Idaho,208,13.5
2004,All Causes,All causes,District of Columbia,5454,972.1
2013,Alzheimer's disease (G30),Alzheimer's disease,Illinois,2919,19.8
2016,Malignant neoplasms (C00-C97),Cancer,Vermont,1356,158.4
2003,"Diseases of heart (I00-I09,I11,I13,I20-I51)",Heart disease,North Carolina,18674,233.3
2003,"Diseases of heart (I00-I09,I11,I13,I20-I51)",Heart disease,Montana,1984,193.3
1999,"Nephritis, nephrotic syndrome and nephrosis (N00-N07,N17-N19,N25-N27)",Kidney disease,Iowa,226,6.4
2001,Diabetes mellitus (E10-E14),Diabetes,Ohio,3750,31.5
2015,"Intentional self-harm (suicide) (*U03,X60-X84,Y87.0)",Suicide,Kansas,477,16.3
2013,Chronic lower respiratory diseases (J40-J47),CLRD,District of Columbia,150,25.0
2012,Alzheimer's disease (G30),Alzheimer's disease,Ohio,3935,27.4
2002,"Accidents (unintentional injuries) (V01-X59,Y85-Y86)",Unintentional injuries,Rhode Island,277,23.4
2017,"Accidents (unintentional injuries) (V01-X59,Y85-Y86)",Unintentional injuries,North Dakota,339,41.3
2007,"Diseases of heart (I00-I09,I11,I13,I20-I51)",Heart disease,Tennessee,14280,227.2
2014,"Accidents (unintentional injuries) (V01-X59,Y85-Y86)",Unintentional injuries,Nevada,1166,40.2
2013,Cerebrovascular diseases (I60-I69),Stroke,Oregon,1775,37.3
2010,Alzheimer's disease (G30),Alzheimer's disease,Nebraska,565,24.9
2005,"Diseases of heart (I00-I09,I11,I13,I20-I51)",Heart disease,Connecticut,7650,180.7
2009,Malignant neoplasms (C00-C97),Cancer,Idaho,2458,158.9
2013,"Accidents (unintentional injuries) (V01-X59,Y85-Y86)",Unintentional injuries,New Hampshire,619,42.5
2003,"Diseases of heart (I00-I09,I11,I13,I20-I51)",Heart disease,Mississippi,8683,317.1
2010,Influenza and pneumonia (J09-J18),Influenza and pneumonia,Pennsylvania,2324,13.6
2005,"Intentional self-harm (suicide) (*U03,X60-X84,Y87.0)",Suicide,Maine,175,12.4
2003,"Accidents (unintentional injuries) (V01-X59,Y85-Y86)",Unintentional injuries,Vermont,235,36.3
2017,"Nephritis, nephrotic syndrome and nephrosis (N00-N07,N17-N19,N25-N27)",Kidney disease,South Carolina,950,15.5
2017,All Causes,All causes,Tennessee,70096,897.1
2017,Malignant neoplasms (C00-C97),Cancer,Kentucky,10145,185.7
2010,Chronic lower respiratory diseases (J40-J47),CLRD,Utah,671,33.2
2008,Alzheimer's disease (G30),Alzheimer's disease,New Hampshire,393,27.4
2011,Cerebrovascular diseases (I60-I69),Stroke,Florida,8411,31.5
1999,Alzheimer's disease (G30),Alzheimer's disease,Alaska,24,11.9
2001,"Accidents (unintentional injuries) (V01-X59,Y85-Y86)",Unintentional injuries,Massachusetts,1506,22.2
1999,"Nephritis, nephrotic syndrome and nephrosis (N00-N07,N17-N19,N25-N27)",Kidney disease,Arizona,544,11.1
1999,All Causes,All causes,Iowa,28411,806.4
2015,Alzheimer's disease (G30),Alzheimer's disease,New York,3174,12.6
2007,All Causes,All causes,Arkansas,28191,906.2
2009,"Nephritis, nephrotic syndrome and nephrosis (N00-N07,N17-N19,N25-N27)",Kidney disease,Oregon,387,8.9
2007,All Causes,All causes,Missouri,54166,837.7
2015,Chronic lower respiratory diseases (J40-J47),CLRD,South Carolina,2908,49.9
2010,Diabetes mellitus (E10-E14),Diabetes,North Carolina,2042,20.5
2006,Cerebrovascular diseases (I60-I69),Stroke,Oregon,1978,48.2
2008,Alzheimer's disease (G30),Alzheimer's disease,Indiana,1971,29.3
2011,Chronic lower respiratory diseases (J40-J47),CLRD,Arizona,3166,44.5
2001,Cerebrovascular diseases (I60-I69),Stroke,Delaware,383,50.1
2001,"Diseases of heart (I00-I09,I11,I13,I20-I51)",Heart disease,Indiana,15682,259.8
2000,All Causes,All causes,Maine,12354,859.4
2006,"Nephritis, nephrotic syndrome and nephrosis (N00-N07,N17-N19,N25-N27)",Kidney disease,Maryland,767,14.2
2007,Malignant neoplasms (C00-C97),Cancer,Montana,1921,170.7
2001,Alzheimer's disease (G30),Alzheimer's disease,New Mexico,297,18.6
2010,Diabetes mellitus (E10-E14),Diabetes,Minnesota,1037,17.7
2010,"Accidents (unintentional injuries) (V01-X59,Y85-Y86)",Unintentional injuries,Wyoming,346,59.8
2004,Influenza and pneumonia (J09-J18),Influenza and pneumonia,Maine,308,20.0
2014,"Intentional self-harm (suicide) (*U03,X60-X84,Y87.0)",Suicide,Minnesota,686,12.2
2007,"Diseases of heart (I00-I09,I11,I13,I20-I51)",Heart disease,Nevada,4591,205.6
2007,All Causes,All causes,South Dakota,6826,712.9
2017,All Causes,All causes,West Virginia,23276,957.1
1999,All Causes,All causes,Oklahoma,34700,979.0
2005,Influenza and pneumonia (J09-J18),Influenza and pneumonia,New York,5521,26.3
2016,"Nephritis, nephrotic syndrome and nephrosis (N00-N07,N17-N19,N25-N27)",Kidney disease,West Virginia,481,19.3
2017,Diabetes mellitus (E10-E14),Diabetes,Tennessee,1915,24.0
2014,Alzheimer's disease (G30),Alzheimer's disease,South Carolina,1938,37.4
2011,"Intentional self-harm (suicide) (*U03,X60-X84,Y87.0)",Suicide,Nevada,516,18.4
2002,Influenza and pneumonia (J09-J18),Influenza and pneumonia,Delaware,168,21.4
2015,Diabetes mellitus (E10-E14),Diabetes,Arkansas,886,24.7
1999,Cerebrovascular diseases (I60-I69),Stroke,Mississippi,1854,69.2
2013,Cerebrovascular diseases (I60-I69),Stroke,Nebraska,820,36.4
2011,"Intentional self-harm (suicide) (*U03,X60-X84,Y87.0)",Suicide,Nebraska,193,10.5
2008,Alzheimer's disease (G30),Alzheimer's disease,New Mexico,366,19.0
1999,Diabetes mellitus (E10-E14),Diabetes,Arizona,1063,21.5
2002,Malignant neoplasms (C00-C97),Cancer,South Carolina,8333,205.8
2007,"Intentional self-harm (suicide) (*U03,X60-X84,Y87.0)",Suicide,Vermont,89,13.9
2002,"Diseases of heart (I00-I09,I11,I13,I20-I51)",Heart disease,Utah,2977,188.6
2005,Influenza and pneumonia (J09-J18),Influenza and pneumonia,District of Columbia,98,17.2
2016,"Accidents (unintentional injuries) (V01-X59,Y85-Y86)",Unintentional injuries,Maine,909,62.4
2007,Diabetes mellitus (E10-E14),Diabetes,Wisconsin,1136,18.3
2011,Chronic lower respiratory diseases (J40-J47),CLRD,North Carolina,4708,46.7
2003,Malignant neoplasms (C00-C97),Cancer,Delaware,1719,201.5
2009,"Accidents (unintentional injuries) (V01-X59,Y85-Y86)",Unintentional injuries,Alaska,340,53.3
2016,Malignant neoplasms (C00-C97),Cancer,Iowa,6432,159.8
2012,Cerebrovascular diseases (I60-I69),Stroke,Connecticut,1273,27.0
2012,All Causes,All causes,United States,2543279,732.8
2007,Cerebrovascular diseases (I60-I69),Stroke,Florida,8781,36.5
2008,"Diseases of heart (I00-I09,I11,I13,I20-I51)",Heart disease,Alaska,634,150.1
2013,Cerebrovascular diseases (I60-I69),Stroke,Hawaii,634,34.9
2016,Influenza and pneumonia (J09-J18),Influenza and pneumonia,Minnesota,529,7.8
2013,"Intentional self-harm (suicide) (*U03,X60-X84,Y87.0)",Suicide,Kansas,425,14.7
1999,"Nephritis, nephrotic syndrome and nephrosis (N00-N07,N17-N19,N25-N27)",Kidney disease,Massachusetts,1127,16.2
2011,"Diseases of heart (I00-I09,I11,I13,I20-I51)",Heart disease,West Virginia,4914,210.1
2006,Malignant neoplasms (C00-C97),Cancer,Tennessee,13051,204.6
2013,Malignant neoplasms (C00-C97),Cancer,Tennessee,13953,185.5
2011,All Causes,All causes,Ohio,111427,821.8
2017,Alzheimer's disease (G30),Alzheimer's disease,Arizona,3058,35.1
1999,All Causes,All causes,Nebraska,15579,830.1
2013,"Accidents (unintentional injuries) (V01-X59,Y85-Y86)",Unintentional injuries,Missouri,2981,47.0
1999,All Causes,All causes,District of Columbia,6076,1087.3
2016,All Causes,All causes,Texas,191966,730.6
2010,Diabetes mellitus (E10-E14),Diabetes,Michigan,2697,24.0
2002,Cerebrovascular diseases (I60-I69),Stroke,South Dakota,518,54.9
2016,"Accidents (unintentional injuries) (V01-X59,Y85-Y86)",Unintentional injuries,West Virginia,1705,89.7
2009,"Diseases of heart (I00-I09,I11,I13,I20-I51)",Heart disease,Maryland,11210,190.8
2013,All Causes,All causes,Virginia,62716,724.8
2008,Alzheimer's disease (G30),Alzheimer's disease,Connecticut,839,17.8
2016,All Causes,All causes,Washington,54769,672.0
2016,Diabetes mellitus (E10-E14),Diabetes,Kentucky,1479,28.4
2008,Chronic lower respiratory diseases (J40-J47),CLRD,Texas,8874,45.1
2014,Chronic lower respiratory diseases (J40-J47),CLRD,Mississippi,1738,52.2
2011,Chronic lower respiratory diseases (J40-J47),CLRD,Virginia,3112,38.6
2000,"Diseases of heart (I00-I09,I11,I13,I20-I51)",Heart disease,New Mexico,3191,196.6
2003,"Accidents (unintentional injuries) (V01-X59,Y85-Y86)",Unintentional injuries,Virginia,2644,37.0
2000,All Causes,All causes,Delaware,6875,897.1
2006,Influenza and pneumonia (J09-J18),Influenza and pneumonia,North Carolina,1705,20.1
2012,Alzheimer's disease (G30),Alzheimer's disease,West Virginia,598,25.3
2009,"Nephritis, nephrotic syndrome and nephrosis (N00-N07,N17-N19,N25-N27)",Kidney disease,Nebraska,258,12.1
2008,"Nephritis, nephrotic syndrome and nephrosis (N00-N07,N17-N19,N25-N27)",Kidney disease,Utah,212,11.0
2013,Alzheimer's disease (G30),Alzheimer's disease,Hawaii,260,12.6
2011,Malignant neoplasms (C00-C97),Cancer,California,56449,152.0
2008,"Nephritis, nephrotic syndrome and nephrosis (N00-N07,N17-N19,N25-N27)",Kidney disease,North Dakota,98,11.8
2007,Malignant neoplasms (C00-C97),Cancer,West Virginia,4690,204.3
2009,Chronic lower respiratory diseases (J40-J47),CLRD,Maryland,2064,36.3
2009,Alzheimer's disease (G30),Alzheimer's disease,Mississippi,900,32.1
2009,Cerebrovascular diseases (I60-I69),Stroke,New York,5950,27.0
2009,Influenza and pneumonia (J09-J18),Influenza and pneumonia,Alaska,51,12.5
2002,All Causes,All causes,Arizona,42816,811.2
2015,"Diseases of heart (I00-I09,I11,I13,I20-I51)",Heart disease,New Mexico,3508,142.4
2006,"Accidents (unintentional injuries) (V01-X59,Y85-Y86)",Unintentional injuries,New York,5235,26.2
2001,Diabetes mellitus (E10-E14),Diabetes,Mississippi,661,24.3
2017,Chronic lower respiratory diseases (J40-J47),CLRD,Tennessee,4657,57.4
2014,Influenza and pneumonia (J09-J18),Influenza and pneumonia,Arkansas,710,20.7
2016,Cerebrovascular diseases (I60-I69),Stroke,Louisiana,2322,46.0
2006,Chronic lower respiratory diseases (J40-J47),CLRD,Rhode Island,485,38.1
2016,Diabetes mellitus (E10-E14),Diabetes,Minnesota,1265,19.2
2011,"Accidents (unintentional injuries) (V01-X59,Y85-Y86)",Unintentional injuries,Hawaii,517,34.4
2015,Diabetes mellitus (E10-E14),Diabetes,District of Columbia,162,25.7
2011,"Intentional self-harm (suicide) (*U03,X60-X84,Y87.0)",Suicide,West Virginia,306,15.9
1999,Diabetes mellitus (E10-E14),Diabetes,Vermont,179,29.3
1999,"Intentional self-harm (suicide) (*U03,X60-X84,Y87.0)",Suicide,Louisiana,518,11.9
2007,"Nephritis, nephrotic syndrome and nephrosis (N00-N07,N17-N19,N25-N27)",Kidney disease,Ohio,1747,13.5
2017,Influenza and pneumonia (J09-J18),Influenza and pneumonia,North Carolina,2076,17.5
2017,"Nephritis, nephrotic syndrome and nephrosis (N00-N07,N17-N19,N25-N27)",Kidney disease,Hawaii,208,10.7
1999,Diabetes mellitus (E10-E14),Diabetes,Ohio,3675,31.4
2010,Alzheimer's disease (G30),Alzheimer's disease,Indiana,1940,27.8
2009,Influenza and pneumonia (J09-J18),Influenza and pneumonia,Michigan,1613,14.5
2005,"Intentional self-harm (suicide) (*U03,X60-X84,Y87.0)",Suicide,North Carolina,1009,11.5
2015,Diabetes mellitus (E10-E14),Diabetes,Washington,1811,22.4
2011,"Intentional self-harm (suicide) (*U03,X60-X84,Y87.0)",Suicide,Pennsylvania,1747,13.2
2009,"Diseases of heart (I00-I09,I11,I13,I20-I51)",Heart disease,Florida,41274,163.8
2005,Diabetes mellitus (E10-E14),Diabetes,Rhode Island,282,22.3
1999,All Causes,All causes,Oregon,29422,837.6
2017,Malignant neoplasms (C00-C97),Cancer,South Carolina,10356,162.7
2006,Malignant neoplasms (C00-C97),Cancer,United States,559888,181.8
2014,"Nephritis, nephrotic syndrome and nephrosis (N00-N07,N17-N19,N25-N27)",Kidney disease,Alaska,45,10.1
2016,All Causes,All causes,Montana,9905,743.2
2012,Cerebrovascular diseases (I60-I69),Stroke,Wisconsin,2520,36.0
2007,Alzheimer's disease (G30),Alzheimer's disease,Wyoming,110,22.0
2004,"Nephritis, nephrotic syndrome and nephrosis (N00-N07,N17-N19,N25-N27)",Kidney disease,West Virginia,450,20.7
2000,"Intentional self-harm (suicide) (*U03,X60-X84,Y87.0)",Suicide,Illinois,1003,8.1
2002,Malignant neoplasms (C00-C97),Cancer,Alabama,9698,208.3
2009,Malignant neoplasms (C00-C97),Cancer,Wisconsin,10866,169.5
2013,Chronic lower respiratory diseases (J40-J47),CLRD,Maryland,2051,32.5
2012,Influenza and pneumonia (J09-J18),Influenza and pneumonia,Ohio,2195,15.5
2006,Alzheimer's disease (G30),Alzheimer's disease,Idaho,400,29.0
2011,Chronic lower respiratory diseases (J40-J47),CLRD,Ohio,6996,51.7
2007,Cerebrovascular diseases (I60-I69),Stroke,Kentucky,2144,49.8
2012,All Causes,All causes,Virginia,61564,730.2
2002,"Accidents (unintentional injuries) (V01-X59,Y85-Y86)",Unintentional injuries,District of Columbia,200,34.6
2004,All Causes,All causes,Vermont,4995,749.4
2001,Influenza and pneumonia (J09-J18),Influenza and pneumonia,New Mexico,398,24.3
2003,Influenza and pneumonia (J09-J18),Influenza and pneumonia,Wyoming,145,30.8
2006,All Causes,All causes,Wyoming,4311,831.1
2017,Chronic lower respiratory diseases (J40-J47),CLRD,Delaware,526,40.8
2003,Malignant neoplasms (C00-C97),Cancer,United States,556902,190.9
2001,Influenza and pneumonia (J09-J18),Influenza and pneumonia,Arizona,1133,22.6
2004,Diabetes mellitus (E10-E14),Diabetes,California,7117,22.6
2011,Cerebrovascular diseases (I60-I69),Stroke,Michigan,4442,38.6
2007,"Intentional self-harm (suicide) (*U03,X60-X84,Y87.0)",Suicide,Delaware,95,10.6
2011,Alzheimer's disease (G30),Alzheimer's disease,Massachusetts,1819,21.2
2011,"Nephritis, nephrotic syndrome and nephrosis (N00-N07,N17-N19,N25-N27)",Kidney disease,Indiana,1367,19.4
2008,"Diseases of heart (I00-I09,I11,I13,I20-I51)",Heart disease,Hawaii,2313,147.7
2001,Malignant neoplasms (C00-C97),Cancer,South Dakota,1590,188.5
2006,"Intentional self-harm (suicide) (*U03,X60-X84,Y87.0)",Suicide,New Jersey,585,6.5
2004,"Intentional self-harm (suicide) (*U03,X60-X84,Y87.0)",Suicide,Illinois,1028,8.1
2007,"Intentional self-harm (suicide) (*U03,X60-X84,Y87.0)",Suicide,Tennessee,844,13.4
2015,Influenza and pneumonia (J09-J18),Influenza and pneumonia,Maryland,1176,17.7
2005,Malignant neoplasms (C00-C97),Cancer,California,54732,168.9
1999,"Accidents (unintentional injuries) (V01-X59,Y85-Y86)",Unintentional injuries,United States,97860,35.3
2006,Cerebrovascular diseases (I60-I69),Stroke,Iowa,1718,43.6
1999,Cerebrovascular diseases (I60-I69),Stroke,West Virginia,1323,63.1
2001,"Accidents (unintentional injuries) (V01-X59,Y85-Y86)",Unintentional injuries,California,8132,24.5
2014,Cerebrovascular diseases (I60-I69),Stroke,South Dakota,439,38.8
1999,Alzheimer's disease (G30),Alzheimer's disease,South Carolina,690,20.5
2002,Cerebrovascular diseases (I60-I69),Stroke,Texas,10548,63.6
2014,Influenza and pneumonia (J09-J18),Influenza and pneumonia,Nebraska,351,15.1
2014,"Intentional self-harm (suicide) (*U03,X60-X84,Y87.0)",Suicide,North Carolina,1352,13.1
1999,Cerebrovascular diseases (I60-I69),Stroke,Delaware,365,49.4
2011,Chronic lower respiratory diseases (J40-J47),CLRD,Hawaii,318,18.9
2000,Diabetes mellitus (E10-E14),Diabetes,Rhode Island,292,24.1
2003,Malignant neoplasms (C00-C97),Cancer,West Virginia,4610,211.6
2009,"Accidents (unintentional injuries) (V01-X59,Y85-Y86)",Unintentional injuries,Kentucky,2394,55.1
1999,Alzheimer's disease (G30),Alzheimer's disease,Utah,245,17.3
2006,Malignant neoplasms (C00-C97),Cancer,Idaho,2306,163.2
2010,All Causes,All causes,Oklahoma,36529,915.5
2001,Chronic lower respiratory diseases (J40-J47),CLRD,Iowa,1552,43.6
2008,"Nephritis, nephrotic syndrome and nephrosis (N00-N07,N17-N19,N25-N27)",Kidney disease,Missouri,1274,19.1
1999,Malignant neoplasms (C00-C97),Cancer,Missouri,12186,207.9
2007,"Intentional self-harm (suicide) (*U03,X60-X84,Y87.0)",Suicide,United States,34598,11.3
2002,All Causes,All causes,West Virginia,21016,999.0
2002,"Intentional self-harm (suicide) (*U03,X60-X84,Y87.0)",Suicide,Florida,2338,13.3
2003,Alzheimer's disease (G30),Alzheimer's disease,Kansas,781,24.7
2001,Diabetes mellitus (E10-E14),Diabetes,Oklahoma,1065,29.7
2002,Diabetes mellitus (E10-E14),Diabetes,Ohio,3846,32.0
2017,Malignant neoplasms (C00-C97),Cancer,West Virginia,4654,179.4
2015,"Intentional self-harm (suicide) (*U03,X60-X84,Y87.0)",Suicide,Ohio,1650,13.9
2000,Diabetes mellitus (E10-E14),Diabetes,Kentucky,1107,27.9
2001,"Accidents (unintentional injuries) (V01-X59,Y85-Y86)",Unintentional injuries,West Virginia,834,44.7
2011,"Diseases of heart (I00-I09,I11,I13,I20-I51)",Heart disease,North Carolina,17003,167.9
2006,Chronic lower respiratory diseases (J40-J47),CLRD,Oregon,1828,45.6
2013,Alzheimer's disease (G30),Alzheimer's disease,Louisiana,1505,32.9
2011,Chronic lower respiratory diseases (J40-J47),CLRD,Rhode Island,526,39.5
2002,Chronic lower respiratory diseases (J40-J47),CLRD,Arizona,2575,48.4
2011,"Diseases of heart (I00-I09,I11,I13,I20-I51)",Heart disease,Michigan,23358,200.1
2017,"Diseases of heart (I00-I09,I11,I13,I20-I51)",Heart disease,Washington,11582,138.8
2015,Influenza and pneumonia (J09-J18),Influenza and pneumonia,Arkansas,700,20.0
2015,Diabetes mellitus (E10-E14),Diabetes,Nevada,420,13.4
1999,"Diseases of heart (I00-I09,I11,I13,I20-I51)",Heart disease,District of Columbia,1652,296.2
2003,"Nephritis, nephrotic syndrome and nephrosis (N00-N07,N17-N19,N25-N27)",Kidney disease,Florida,2265,10.2
2008,"Diseases of heart (I00-I09,I11,I13,I20-I51)",Heart disease,Kentucky,10061,225.5
2007,"Accidents (unintentional injuries) (V01-X59,Y85-Y86)",Unintentional injuries,New Hampshire,527,39.0
2007,Alzheimer's disease (G30),Alzheimer's disease,Kansas,860,25.8
2001,Diabetes mellitus (E10-E14),Diabetes,Nebraska,400,21.3
2012,Cerebrovascular diseases (I60-I69),Stroke,Pennsylvania,6546,37.4
2004,"Nephritis, nephrotic syndrome and nephrosis (N00-N07,N17-N19,N25-N27)",Kidney disease,Georgia,1458,21.3
1999,All Causes,All causes,Georgia,62028,964.9
2009,"Accidents (unintentional injuries) (V01-X59,Y85-Y86)",Unintentional injuries,Nevada,1025,39.0
2011,Chronic lower respiratory diseases (J40-J47),CLRD,Illinois,5390,39.9
2003,"Intentional self-harm (suicide) (*U03,X60-X84,Y87.0)",Suicide,Nebraska,176,10.2
1999,All Causes,All causes,Tennessee,53765,980.4
2008,"Accidents (unintentional injuries) (V01-X59,Y85-Y86)",Unintentional injuries,South Carolina,2285,50.4
2007,Chronic lower respiratory diseases (J40-J47),CLRD,Alabama,2530,51.3
2000,Chronic lower respiratory diseases (J40-J47),CLRD,Tennessee,2887,52.1
2017,Cerebrovascular diseases (I60-I69),Stroke,Kansas,1355,37.7
2000,Malignant neoplasms (C00-C97),Cancer,Mississippi,6075,223.6
2000,All Causes,All causes,New York,158203,813.6
2012,All Causes,All causes,Arkansas,30117,897.5
2007,Cerebrovascular diseases (I60-I69),Stroke,Connecticut,1463,33.4
2011,Diabetes mellitus (E10-E14),Diabetes,South Carolina,1090,21.0
2017,"Diseases of heart (I00-I09,I11,I13,I20-I51)",Heart disease,North Carolina,18808,156.5
2005,Malignant neoplasms (C00-C97),Cancer,Indiana,12796,199.8
2004,Alzheimer's disease (G30),Alzheimer's disease,Louisiana,1267,32.0
2005,Cerebrovascular diseases (I60-I69),Stroke,Pennsylvania,7650,48.0
2012,Malignant neoplasms (C00-C97),Cancer,Massachusetts,12864,163.3
2005,All Causes,All causes,Texas,156457,832.1
2011,Diabetes mellitus (E10-E14),Diabetes,Illinois,2693,19.4
2013,Diabetes mellitus (E10-E14),Diabetes,Ohio,3563,25.4
2010,"Intentional self-harm (suicide) (*U03,X60-X84,Y87.0)",Suicide,New Mexico,413,20.1
2013,"Nephritis, nephrotic syndrome and nephrosis (N00-N07,N17-N19,N25-N27)",Kidney disease,West Virginia,450,18.6
2015,Chronic lower respiratory diseases (J40-J47),CLRD,Maryland,2040,30.7
2004,Chronic lower respiratory diseases (J40-J47),CLRD,Nebraska,815,42.2
2007,Chronic lower respiratory diseases (J40-J47),CLRD,South Carolina,2036,44.9
2000,Chronic lower respiratory diseases (J40-J47),CLRD,United States,122009,44.2
1999,"Diseases of heart (I00-I09,I11,I13,I20-I51)",Heart disease,Montana,2049,214.6
2000,"Diseases of heart (I00-I09,I11,I13,I20-I51)",Heart disease,Minnesota,8885,177.7
2001,"Accidents (unintentional injuries) (V01-X59,Y85-Y86)",Unintentional injuries,Nebraska,633,34.8
2012,Influenza and pneumonia (J09-J18),Influenza and pneumonia,United States,50636,14.5
2009,Alzheimer's disease (G30),Alzheimer's disease,Illinois,2891,21.0
2014,All Causes,All causes,North Carolina,85367,775.9
2008,"Intentional self-harm (suicide) (*U03,X60-X84,Y87.0)",Suicide,Pennsylvania,1539,11.8
2016,"Accidents (unintentional injuries) (V01-X59,Y85-Y86)",Unintentional injuries,Ohio,7999,66.6
2014,Cerebrovascular diseases (I60-I69),Stroke,New Mexico,822,34.7
2013,"Nephritis, nephrotic syndrome and nephrosis (N00-N07,N17-N19,N25-N27)",Kidney disease,Wisconsin,993,14.0
2012,"Intentional self-harm (suicide) (*U03,X60-X84,Y87.0)",Suicide,Alaska,168,23.0
2005,All Causes,All causes,Georgia,66736,910.5
2013,Influenza and pneumonia (J09-J18),Influenza and pneumonia,Utah,413,18.6
2015,All Causes,All causes,Washington,54595,687.4
2014,Diabetes mellitus (E10-E14),Diabetes,Arkansas,828,24.0
2004,"Diseases of heart (I00-I09,I11,I13,I20-I51)",Heart disease,Michigan,24825,242.7
2015,Malignant neoplasms (C00-C97),Cancer,Oklahoma,8280,184.3
2015,"Accidents (unintentional injuries) (V01-X59,Y85-Y86)",Unintentional injuries,Alabama,2552,50.9
2006,"Diseases of heart (I00-I09,I11,I13,I20-I51)",Heart disease,Tennessee,14642,238.0
2004,"Diseases of heart (I00-I09,I11,I13,I20-I51)",Heart disease,Connecticut,7868,189.5
2006,"Intentional self-harm (suicide) (*U03,X60-X84,Y87.0)",Suicide,New York,1326,6.7
2005,"Accidents (unintentional injuries) (V01-X59,Y85-Y86)",Unintentional injuries,Arizona,3150,54.7
2005,"Accidents (unintentional injuries) (V01-X59,Y85-Y86)",Unintentional injuries,West Virginia,940,49.6
2014,"Accidents (unintentional injuries) (V01-X59,Y85-Y86)",Unintentional injuries,Indiana,2974,43.9
2017,"Accidents (unintentional injuries) (V01-X59,Y85-Y86)",Unintentional injuries,Pennsylvania,9527,70.2
2004,All Causes,All causes,Kentucky,38646,935.3
2014,"Accidents (unintentional injuries) (V01-X59,Y85-Y86)",Unintentional injuries,Montana,581,52.6
2011,Diabetes mellitus (E10-E14),Diabetes,Maryland,1297,21.2
2010,All Causes,All causes,Texas,166527,772.3
2016,Malignant neoplasms (C00-C97),Cancer,Nebraska,3477,153.6
2013,Diabetes mellitus (E10-E14),Diabetes,Minnesota,1163,18.8
2015,"Nephritis, nephrotic syndrome and nephrosis (N00-N07,N17-N19,N25-N27)",Kidney disease,Arkansas,707,19.8
2016,Cerebrovascular diseases (I60-I69),Stroke,Hawaii,675,34.3
2001,Diabetes mellitus (E10-E14),Diabetes,District of Columbia,209,37.4
2003,"Accidents (unintentional injuries) (V01-X59,Y85-Y86)",Unintentional injuries,Massachusetts,1421,20.7
2011,"Diseases of heart (I00-I09,I11,I13,I20-I51)",Heart disease,Minnesota,7240,117.0
2010,Influenza and pneumonia (J09-J18),Influenza and pneumonia,Vermont,60,8.0
1999,"Nephritis, nephrotic syndrome and nephrosis (N00-N07,N17-N19,N25-N27)",Kidney disease,Missouri,907,15.1
2011,"Intentional self-harm (suicide) (*U03,X60-X84,Y87.0)",Suicide,South Dakota,128,15.7
2012,Influenza and pneumonia (J09-J18),Influenza and pneumonia,Vermont,81,9.9
2004,Influenza and pneumonia (J09-J18),Influenza and pneumonia,Massachusetts,1959,26.1
2006,All Causes,All causes,Massachusetts,53450,726.8
2001,Diabetes mellitus (E10-E14),Diabetes,South Carolina,1088,27.7
2011,"Accidents (unintentional injuries) (V01-X59,Y85-Y86)",Unintentional injuries,Alaska,385,57.3
2007,Cerebrovascular diseases (I60-I69),Stroke,Indiana,3083,46.6
2006,Cerebrovascular diseases (I60-I69),Stroke,Colorado,1532,39.1
2010,Malignant neoplasms (C00-C97),Cancer,South Carolina,9356,183.6
2013,All Causes,All causes,Arizona,50534,674.2
2007,Cerebrovascular diseases (I60-I69),Stroke,New Hampshire,489,34.8
2008,Cerebrovascular diseases (I60-I69),Stroke,Georgia,3805,49.5
1999,Influenza and pneumonia (J09-J18),Influenza and pneumonia,Nebraska,459,23.0
2012,Diabetes mellitus (E10-E14),Diabetes,Connecticut,631,14.2
1999,"Diseases of heart (I00-I09,I11,I13,I20-I51)",Heart disease,Nebraska,4497,235.0
2005,Alzheimer's disease (G30),Alzheimer's disease,United States,71599,24.0
2006,Malignant neoplasms (C00-C97),Cancer,Pennsylvania,29172,190.5
2012,Malignant neoplasms (C00-C97),Cancer,Pennsylvania,28909,175.5
2013,Cerebrovascular diseases (I60-I69),Stroke,Oklahoma,1880,44.5
2000,Diabetes mellitus (E10-E14),Diabetes,Wisconsin,1309,23.3
2004,Malignant neoplasms (C00-C97),Cancer,South Carolina,8348,195.8
2010,Chronic lower respiratory diseases (J40-J47),CLRD,Washington,2737,40.4
2007,Influenza and pneumonia (J09-J18),Influenza and pneumonia,Alaska,48,13.7
2014,Cerebrovascular diseases (I60-I69),Stroke,Michigan,4596,37.9
2003,All Causes,All causes,Maine,12540,829.8
2010,All Causes,All causes,Indiana,56743,820.6
2001,"Nephritis, nephrotic syndrome and nephrosis (N00-N07,N17-N19,N25-N27)",Kidney disease,West Virginia,391,18.3
2008,Cerebrovascular diseases (I60-I69),Stroke,Kentucky,2098,47.9
2003,Influenza and pneumonia (J09-J18),Influenza and pneumonia,Delaware,127,15.8
2009,"Accidents (unintentional injuries) (V01-X59,Y85-Y86)",Unintentional injuries,Illinois,3961,30.4
2010,"Intentional self-harm (suicide) (*U03,X60-X84,Y87.0)",Suicide,West Virginia,279,14.1
2007,All Causes,All causes,Oklahoma,36032,945.1
2010,Chronic lower respiratory diseases (J40-J47),CLRD,Nevada,1186,49.5
2008,Chronic lower respiratory diseases (J40-J47),CLRD,North Carolina,4572,49.3
2001,Cerebrovascular diseases (I60-I69),Stroke,West Virginia,1272,60.1
2006,"Accidents (unintentional injuries) (V01-X59,Y85-Y86)",Unintentional injuries,Pennsylvania,5299,39.5
2003,Influenza and pneumonia (J09-J18),Influenza and pneumonia,Colorado,810,23.0
2000,"Nephritis, nephrotic syndrome and nephrosis (N00-N07,N17-N19,N25-N27)",Kidney disease,Virginia,1118,17.9
1999,Cerebrovascular diseases (I60-I69),Stroke,Idaho,771,67.5
2012,All Causes,All causes,Oklahoma,36870,891.5
2008,"Accidents (unintentional injuries) (V01-X59,Y85-Y86)",Unintentional injuries,Iowa,1266,37.8
2008,"Nephritis, nephrotic syndrome and nephrosis (N00-N07,N17-N19,N25-N27)",Kidney disease,Michigan,1663,15.2
2011,"Diseases of heart (I00-I09,I11,I13,I20-I51)",Heart disease,New Mexico,3333,150.3
2000,Chronic lower respiratory diseases (J40-J47),CLRD,West Virginia,1345,62.9
2009,Chronic lower respiratory diseases (J40-J47),CLRD,Nebraska,987,48.3
2005,Influenza and pneumonia (J09-J18),Influenza and pneumonia,Washington,927,15.2
2009,"Accidents (unintentional injuries) (V01-X59,Y85-Y86)",Unintentional injuries,Connecticut,1293,33.0
2000,"Nephritis, nephrotic syndrome and nephrosis (N00-N07,N17-N19,N25-N27)",Kidney disease,New Jersey,1495,17.0
2001,"Accidents (unintentional injuries) (V01-X59,Y85-Y86)",Unintentional injuries,Rhode Island,293,25.3
2012,Cerebrovascular diseases (I60-I69),Stroke,Arizona,2164,29.9
2017,"Accidents (unintentional injuries) (V01-X59,Y85-Y86)",Unintentional injuries,Illinois,6019,44.4
2002,All Causes,All causes,Maryland,43970,872.3
2002,"Diseases of heart (I00-I09,I11,I13,I20-I51)",Heart disease,Kansas,6680,223.2
2006,Influenza and pneumonia (J09-J18),Influenza and pneumonia,Missouri,1285,19.9
2014,"Diseases of heart (I00-I09,I11,I13,I20-I51)",Heart disease,Alabama,12461,224.0
2014,Alzheimer's disease (G30),Alzheimer's disease,Michigan,3349,27.0
2014,"Intentional self-harm (suicide) (*U03,X60-X84,Y87.0)",Suicide,Louisiana,679,14.3
2000,Chronic lower respiratory diseases (J40-J47),CLRD,Kansas,1411,49.1
2014,"Nephritis, nephrotic syndrome and nephrosis (N00-N07,N17-N19,N25-N27)",Kidney disease,Kansas,569,16.6
2015,"Accidents (unintentional injuries) (V01-X59,Y85-Y86)",Unintentional injuries,Idaho,746,44.7
1999,Chronic lower respiratory diseases (J40-J47),CLRD,United States,124181,45.4
2009,"Nephritis, nephrotic syndrome and nephrosis (N00-N07,N17-N19,N25-N27)",Kidney disease,North Carolina,1828,19.2
2002,Malignant neoplasms (C00-C97),Cancer,North Dakota,1293,175.5
2002,Chronic lower respiratory diseases (J40-J47),CLRD,Wyoming,324,68.7
2002,Influenza and pneumonia (J09-J18),Influenza and pneumonia,Mississippi,801,29.8
2014,"Intentional self-harm (suicide) (*U03,X60-X84,Y87.0)",Suicide,West Virginia,359,18.1
2000,"Diseases of heart (I00-I09,I11,I13,I20-I51)",Heart disease,West Virginia,6435,305.0
2014,All Causes,All causes,Ohio,114509,810.0
2016,Cerebrovascular diseases (I60-I69),Stroke,New York,6258,25.5
2005,Alzheimer's disease (G30),Alzheimer's disease,Iowa,1082,26.5
2016,"Intentional self-harm (suicide) (*U03,X60-X84,Y87.0)",Suicide,North Carolina,1373,13.0
2015,Diabetes mellitus (E10-E14),Diabetes,New Hampshire,308,17.9
2006,"Accidents (unintentional injuries) (V01-X59,Y85-Y86)",Unintentional injuries,Oregon,1586,40.8
2004,Diabetes mellitus (E10-E14),Diabetes,South Dakota,229,25.4
2010,Malignant neoplasms (C00-C97),Cancer,Connecticut,6954,163.4
2017,Influenza and pneumonia (J09-J18),Influenza and pneumonia,North Dakota,147,15.3
2017,Diabetes mellitus (E10-E14),Diabetes,California,9595,22.1
2001,Chronic lower respiratory diseases (J40-J47),CLRD,Texas,7739,46.7
2007,Malignant neoplasms (C00-C97),Cancer,Rhode Island,2213,178.4
2011,Alzheimer's disease (G30),Alzheimer's disease,Florida,4507,16.0
2004,"Nephritis, nephrotic syndrome and nephrosis (N00-N07,N17-N19,N25-N27)",Kidney disease,Rhode Island,131,9.9
2016,Chronic lower respiratory diseases (J40-J47),CLRD,Indiana,4214,54.6
2014,Influenza and pneumonia (J09-J18),Influenza and pneumonia,Utah,366,16.2
2005,"Nephritis, nephrotic syndrome and nephrosis (N00-N07,N17-N19,N25-N27)",Kidney disease,Iowa,250,6.4
2010,Influenza and pneumonia (J09-J18),Influenza and pneumonia,Maine,234,13.4
2016,Diabetes mellitus (E10-E14),Diabetes,North Carolina,2811,23.5
2000,"Accidents (unintentional injuries) (V01-X59,Y85-Y86)",Unintentional injuries,Missouri,2398,41.9
2004,Diabetes mellitus (E10-E14),Diabetes,Ohio,3615,29.3
2007,Malignant neoplasms (C00-C97),Cancer,Alaska,839,182.6
2011,"Accidents (unintentional injuries) (V01-X59,Y85-Y86)",Unintentional injuries,New York,5537,26.4
2003,Malignant neoplasms (C00-C97),Cancer,Iowa,6469,187.8
2008,Alzheimer's disease (G30),Alzheimer's disease,Wisconsin,1655,24.4
2010,Chronic lower respiratory diseases (J40-J47),CLRD,Illinois,5231,39.4
2006,"Intentional self-harm (suicide) (*U03,X60-X84,Y87.0)",Suicide,South Carolina,524,11.8
2003,Malignant neoplasms (C00-C97),Cancer,Indiana,12933,207.5
2011,Cerebrovascular diseases (I60-I69),Stroke,Mississippi,1526,50.6
2009,Cerebrovascular diseases (I60-I69),Stroke,New Mexico,726,35.2
2014,Alzheimer's disease (G30),Alzheimer's disease,New Hampshire,396,24.0
2007,"Accidents (unintentional injuries) (V01-X59,Y85-Y86)",Unintentional injuries,Arkansas,1391,47.8
2005,Malignant neoplasms (C00-C97),Cancer,West Virginia,4617,207.4
2003,Alzheimer's disease (G30),Alzheimer's disease,Florida,4316,18.9
2014,"Intentional self-harm (suicide) (*U03,X60-X84,Y87.0)",Suicide,Hawaii,204,13.8
2000,Diabetes mellitus (E10-E14),Diabetes,Hawaii,203,16.3
2010,Influenza and pneumonia (J09-J18),Influenza and pneumonia,Arizona,768,11.4
2003,"Intentional self-harm (suicide) (*U03,X60-X84,Y87.0)",Suicide,Massachusetts,433,6.5
2015,Alzheimer's disease (G30),Alzheimer's disease,Alaska,68,16.7
2006,Cerebrovascular diseases (I60-I69),Stroke,Virginia,3523,50.1
2002,Cerebrovascular diseases (I60-I69),Stroke,Idaho,736,60.2
2006,Influenza and pneumonia (J09-J18),Influenza and pneumonia,Nebraska,345,16.3
2016,"Nephritis, nephrotic syndrome and nephrosis (N00-N07,N17-N19,N25-N27)",Kidney disease,New Jersey,1535,13.8
2002,Cerebrovascular diseases (I60-I69),Stroke,Florida,10269,46.9
2012,Influenza and pneumonia (J09-J18),Influenza and pneumonia,Kansas,624,18.0
2003,"Intentional self-harm (suicide) (*U03,X60-X84,Y87.0)",Suicide,Wisconsin,647,11.6
2004,"Diseases of heart (I00-I09,I11,I13,I20-I51)",Heart disease,Vermont,1289,192.3
2014,Malignant neoplasms (C00-C97),Cancer,Colorado,7405,136.0
2015,Malignant neoplasms (C00-C97),Cancer,Washington,12687,156.4
2003,Alzheimer's disease (G30),Alzheimer's disease,Nevada,309,19.6
2003,Diabetes mellitus (E10-E14),Diabetes,Delaware,239,28.4
2011,Chronic lower respiratory diseases (J40-J47),CLRD,Washington,3080,44.0
2010,"Accidents (unintentional injuries) (V01-X59,Y85-Y86)",Unintentional injuries,Vermont,298,42.7
2006,Cerebrovascular diseases (I60-I69),Stroke,New York,6398,30.4
2001,"Intentional self-harm (suicide) (*U03,X60-X84,Y87.0)",Suicide,South Dakota,105,14.0
2014,"Intentional self-harm (suicide) (*U03,X60-X84,Y87.0)",Suicide,South Carolina,753,15.2
1999,"Nephritis, nephrotic syndrome and nephrosis (N00-N07,N17-N19,N25-N27)",Kidney disease,Nevada,298,19.2
2003,Influenza and pneumonia (J09-J18),Influenza and pneumonia,Massachusetts,2019,27.0
2002,All Causes,All causes,New Mexico,14344,823.8
2004,Malignant neoplasms (C00-C97),Cancer,North Dakota,1265,166.8
2006,Diabetes mellitus (E10-E14),Diabetes,Ohio,3761,29.6
2012,Alzheimer's disease (G30),Alzheimer's disease,Pennsylvania,3505,18.9
2009,"Diseases of heart (I00-I09,I11,I13,I20-I51)",Heart disease,Colorado,6093,136.5
2005,"Nephritis, nephrotic syndrome and nephrosis (N00-N07,N17-N19,N25-N27)",Kidney disease,Maine,250,15.9
2006,All Causes,All causes,Virginia,57690,795.0
2014,"Nephritis, nephrotic syndrome and nephrosis (N00-N07,N17-N19,N25-N27)",Kidney disease,Wisconsin,980,13.5
2001,All Causes,All causes,Massachusetts,56754,811.4
2007,Alzheimer's disease (G30),Alzheimer's disease,Ohio,3671,27.9
2011,Cerebrovascular diseases (I60-I69),Stroke,Arizona,2148,30.6
2009,Influenza and pneumonia (J09-J18),Influenza and pneumonia,South Dakota,134,12.9
2004,"Accidents (unintentional injuries) (V01-X59,Y85-Y86)",Unintentional injuries,Michigan,3312,32.8
2009,"Accidents (unintentional injuries) (V01-X59,Y85-Y86)",Unintentional injuries,North Dakota,324,44.1
2008,Influenza and pneumonia (J09-J18),Influenza and pneumonia,Vermont,74,10.2
2008,Influenza and pneumonia (J09-J18),Influenza and pneumonia,Oregon,517,12.0
2013,"Diseases of heart (I00-I09,I11,I13,I20-I51)",Heart disease,Hawaii,2521,139.0
2002,"Diseases of heart (I00-I09,I11,I13,I20-I51)",Heart disease,Maryland,12008,242.4
2011,Cerebrovascular diseases (I60-I69),Stroke,Nebraska,810,36.9
2003,"Nephritis, nephrotic syndrome and nephrosis (N00-N07,N17-N19,N25-N27)",Kidney disease,Arizona,563,10.4
2012,"Nephritis, nephrotic syndrome and nephrosis (N00-N07,N17-N19,N25-N27)",Kidney disease,Idaho,148,8.8
2014,"Accidents (unintentional injuries) (V01-X59,Y85-Y86)",Unintentional injuries,South Carolina,2436,48.2
1999,Alzheimer's disease (G30),Alzheimer's disease,Alabama,772,17.8
2014,"Intentional self-harm (suicide) (*U03,X60-X84,Y87.0)",Suicide,California,4214,10.5
2015,"Accidents (unintentional injuries) (V01-X59,Y85-Y86)",Unintentional injuries,West Virginia,1516,77.9
2000,All Causes,All causes,Oklahoma,35079,983.0
2012,Cerebrovascular diseases (I60-I69),Stroke,Illinois,5337,37.7
2004,"Accidents (unintentional injuries) (V01-X59,Y85-Y86)",Unintentional injuries,Wyoming,243,47.2
2014,Diabetes mellitus (E10-E14),Diabetes,North Dakota,176,19.9
2016,Alzheimer's disease (G30),Alzheimer's disease,Kentucky,1728,35.1
2001,Cerebrovascular diseases (I60-I69),Stroke,Nebraska,1130,57.5
2010,All Causes,All causes,Rhode Island,9579,721.7
2003,"Diseases of heart (I00-I09,I11,I13,I20-I51)",Heart disease,District of Columbia,1630,291.9
2000,Influenza and pneumonia (J09-J18),Influenza and pneumonia,California,8324,29.5
2008,Influenza and pneumonia (J09-J18),Influenza and pneumonia,Florida,2300,9.4
2003,Chronic lower respiratory diseases (J40-J47),CLRD,Maryland,1986,39.5
2003,Cerebrovascular diseases (I60-I69),Stroke,Rhode Island,565,42.9
2017,Influenza and pneumonia (J09-J18),Influenza and pneumonia,Arizona,876,10.1
2013,Diabetes mellitus (E10-E14),Diabetes,United States,75578,21.2
2017,"Intentional self-harm (suicide) (*U03,X60-X84,Y87.0)",Suicide,Delaware,112,11.6
2012,"Intentional self-harm (suicide) (*U03,X60-X84,Y87.0)",Suicide,New York,1708,8.3
2006,"Intentional self-harm (suicide) (*U03,X60-X84,Y87.0)",Suicide,United States,33300,11.0
2011,"Nephritis, nephrotic syndrome and nephrosis (N00-N07,N17-N19,N25-N27)",Kidney disease,Connecticut,602,13.1
2014,Influenza and pneumonia (J09-J18),Influenza and pneumonia,Oregon,450,9.1
2000,Alzheimer's disease (G30),Alzheimer's disease,Missouri,1096,17.8
1999,Alzheimer's disease (G30),Alzheimer's disease,Vermont,127,20.5
2000,Malignant neoplasms (C00-C97),Cancer,Illinois,25365,212.0
2015,Diabetes mellitus (E10-E14),Diabetes,Nebraska,553,24.8
2009,"Intentional self-harm (suicide) (*U03,X60-X84,Y87.0)",Suicide,New Mexico,376,18.2
2004,Influenza and pneumonia (J09-J18),Influenza and pneumonia,Kentucky,965,24.1
2017,Alzheimer's disease (G30),Alzheimer's disease,New Jersey,2829,23.6
2015,"Intentional self-harm (suicide) (*U03,X60-X84,Y87.0)",Suicide,Indiana,960,14.4
2014,Alzheimer's disease (G30),Alzheimer's disease,Illinois,3266,21.9
2001,"Intentional self-harm (suicide) (*U03,X60-X84,Y87.0)",Suicide,Iowa,304,10.2
2015,Alzheimer's disease (G30),Alzheimer's disease,Nevada,874,32.9
2009,Cerebrovascular diseases (I60-I69),Stroke,Vermont,221,29.7
2014,Malignant neoplasms (C00-C97),Cancer,Arkansas,6546,183.1
2000,Diabetes mellitus (E10-E14),Diabetes,California,6190,21.3
2004,All Causes,All causes,Virginia,56550,820.5
2004,Chronic lower respiratory diseases (J40-J47),CLRD,South Dakota,391,42.9
2009,Cerebrovascular diseases (I60-I69),Stroke,Pennsylvania,6842,40.7
2010,Influenza and pneumonia (J09-J18),Influenza and pneumonia,Alaska,64,15.8
2005,"Intentional self-harm (suicide) (*U03,X60-X84,Y87.0)",Suicide,Louisiana,505,11.0
2001,Alzheimer's disease (G30),Alzheimer's disease,Rhode Island,251,18.8
2012,Cerebrovascular diseases (I60-I69),Stroke,North Carolina,4410,42.8
2001,All Causes,All causes,California,234044,783.2
2015,"Intentional self-harm (suicide) (*U03,X60-X84,Y87.0)",Suicide,New York,1652,7.8
2009,"Intentional self-harm (suicide) (*U03,X60-X84,Y87.0)",Suicide,Colorado,941,18.7
2011,"Intentional self-harm (suicide) (*U03,X60-X84,Y87.0)",Suicide,North Carolina,1213,12.3
2007,Malignant neoplasms (C00-C97),Cancer,Louisiana,8736,199.3
1999,Diabetes mellitus (E10-E14),Diabetes,Alaska,67,23.8
2009,Alzheimer's disease (G30),Alzheimer's disease,Florida,4617,17.6
2016,Diabetes mellitus (E10-E14),Diabetes,Connecticut,699,14.9
2008,Diabetes mellitus (E10-E14),Diabetes,New Jersey,2242,23.1
2014,"Diseases of heart (I00-I09,I11,I13,I20-I51)",Heart disease,Florida,44511,151.3
2015,"Accidents (unintentional injuries) (V01-X59,Y85-Y86)",Unintentional injuries,California,12544,30.6
2011,"Intentional self-harm (suicide) (*U03,X60-X84,Y87.0)",Suicide,Utah,502,19.4
2015,"Intentional self-harm (suicide) (*U03,X60-X84,Y87.0)",Suicide,North Carolina,1406,13.4
2003,"Intentional self-harm (suicide) (*U03,X60-X84,Y87.0)",Suicide,North Carolina,955,11.2
2015,"Diseases of heart (I00-I09,I11,I13,I20-I51)",Heart disease,Iowa,6813,160.9
2009,Diabetes mellitus (E10-E14),Diabetes,Indiana,1646,24.1
2005,Chronic lower respiratory diseases (J40-J47),CLRD,South Dakota,440,48.1
2010,Influenza and pneumonia (J09-J18),Influenza and pneumonia,United States,50097,15.1
2010,"Diseases of heart (I00-I09,I11,I13,I20-I51)",Heart disease,New Mexico,3224,151.2
2017,"Nephritis, nephrotic syndrome and nephrosis (N00-N07,N17-N19,N25-N27)",Kidney disease,Massachusetts,1193,13.4
2014,Influenza and pneumonia (J09-J18),Influenza and pneumonia,Kansas,637,18.2
2001,Chronic lower respiratory diseases (J40-J47),CLRD,Maine,800,54.4
2015,Cerebrovascular diseases (I60-I69),Stroke,West Virginia,1079,43.8
2004,Malignant neoplasms (C00-C97),Cancer,Utah,2445,141.1
2013,Influenza and pneumonia (J09-J18),Influenza and pneumonia,Ohio,2374,16.6
2016,"Accidents (unintentional injuries) (V01-X59,Y85-Y86)",Unintentional injuries,Florida,12561,54.9
2002,Diabetes mellitus (E10-E14),Diabetes,Delaware,215,26.1
2000,All Causes,All causes,Indiana,55469,929.6
2006,Cerebrovascular diseases (I60-I69),Stroke,Idaho,725,52.7
2017,"Accidents (unintentional injuries) (V01-X59,Y85-Y86)",Unintentional injuries,Arizona,4184,56.2
2007,Malignant neoplasms (C00-C97),Cancer,Illinois,24115,186.6
2004,Cerebrovascular diseases (I60-I69),Stroke,Maryland,2718,53.2
2016,Alzheimer's disease (G30),Alzheimer's disease,Minnesota,2219,31.8
1999,Influenza and pneumonia (J09-J18),Influenza and pneumonia,Illinois,3121,25.9
2006,Chronic lower respiratory diseases (J40-J47),CLRD,Alaska,140,37.8
2017,"Intentional self-harm (suicide) (*U03,X60-X84,Y87.0)",Suicide,Michigan,1457,14.1
2005,Chronic lower respiratory diseases (J40-J47),CLRD,Connecticut,1471,36.1
1999,Chronic lower respiratory diseases (J40-J47),CLRD,Missouri,3068,51.7
2002,Influenza and pneumonia (J09-J18),Influenza and pneumonia,New York,5368,26.6
2012,All Causes,All causes,South Carolina,43198,835.2
2011,"Nephritis, nephrotic syndrome and nephrosis (N00-N07,N17-N19,N25-N27)",Kidney disease,Virginia,1419,17.5
2014,All Causes,All causes,Iowa,29190,722.9
2010,Chronic lower respiratory diseases (J40-J47),CLRD,Oklahoma,2720,67.4
2017,All Causes,All causes,Ohio,123648,849.7
2011,Diabetes mellitus (E10-E14),Diabetes,Alaska,107,20.6
2008,Cerebrovascular diseases (I60-I69),Stroke,Colorado,1565,37.4
2013,"Intentional self-harm (suicide) (*U03,X60-X84,Y87.0)",Suicide,Mississippi,388,13.0
2004,Malignant neoplasms (C00-C97),Cancer,Minnesota,9093,177.0
1999,Cerebrovascular diseases (I60-I69),Stroke,Pennsylvania,8600,57.5
2004,Alzheimer's disease (G30),Alzheimer's disease,Colorado,912,26.1
2007,"Accidents (unintentional injuries) (V01-X59,Y85-Y86)",Unintentional injuries,Minnesota,2066,37.5
2016,"Diseases of heart (I00-I09,I11,I13,I20-I51)",Heart disease,Georgia,18143,179.0
2004,All Causes,All causes,Maine,12443,813.0
2012,Diabetes mellitus (E10-E14),Diabetes,New Jersey,1988,19.3
2013,"Diseases of heart (I00-I09,I11,I13,I20-I51)",Heart disease,Minnesota,7714,119.6
2002,Diabetes mellitus (E10-E14),Diabetes,New Hampshire,311,25.0
2010,All Causes,All causes,Michigan,88021,786.2
2001,Influenza and pneumonia (J09-J18),Influenza and pneumonia,Indiana,1184,19.7
2002,Chronic lower respiratory diseases (J40-J47),CLRD,Alabama,2328,50.7
2003,Influenza and pneumonia (J09-J18),Influenza and pneumonia,Illinois,2875,22.9
2015,Influenza and pneumonia (J09-J18),Influenza and pneumonia,Delaware,189,16.1
2005,Influenza and pneumonia (J09-J18),Influenza and pneumonia,Montana,213,19.5
2007,All Causes,All causes,Kansas,24491,787.8
1999,Malignant neoplasms (C00-C97),Cancer,South Dakota,1632,197.4
2010,"Accidents (unintentional injuries) (V01-X59,Y85-Y86)",Unintentional injuries,Minnesota,2103,36.7
2003,Chronic lower respiratory diseases (J40-J47),CLRD,Oregon,1819,48.5
2000,Influenza and pneumonia (J09-J18),Influenza and pneumonia,Kansas,743,24.2
2017,Influenza and pneumonia (J09-J18),Influenza and pneumonia,Tennessee,1656,21.3
2013,"Diseases of heart (I00-I09,I11,I13,I20-I51)",Heart disease,Mississippi,7715,240.0
1999,Malignant neoplasms (C00-C97),Cancer,Pennsylvania,30312,209.5
1999,Chronic lower respiratory diseases (J40-J47),CLRD,North Dakota,273,35.8
2001,Malignant neoplasms (C00-C97),Cancer,Alaska,689,193.7
2000,All Causes,All causes,Connecticut,30129,793.0
2008,"Accidents (unintentional injuries) (V01-X59,Y85-Y86)",Unintentional injuries,North Carolina,4313,46.4
2014,"Accidents (unintentional injuries) (V01-X59,Y85-Y86)",Unintentional injuries,Washington,2997,40.1
1999,Malignant neoplasms (C00-C97),Cancer,Louisiana,9412,230.5
2016,"Diseases of heart (I00-I09,I11,I13,I20-I51)",Heart disease,Tennessee,15429,198.8
1999,"Accidents (unintentional injuries) (V01-X59,Y85-Y86)",Unintentional injuries,Arkansas,1287,47.6
2005,Diabetes mellitus (E10-E14),Diabetes,Mississippi,677,23.5
2003,Influenza and pneumonia (J09-J18),Influenza and pneumonia,Nevada,410,23.3
1999,"Accidents (unintentional injuries) (V01-X59,Y85-Y86)",Unintentional injuries,Florida,5961,35.7
2012,"Nephritis, nephrotic syndrome and nephrosis (N00-N07,N17-N19,N25-N27)",Kidney disease,New Hampshire,161,10.2
2014,Alzheimer's disease (G30),Alzheimer's disease,Arkansas,1193,34.8
2001,"Diseases of heart (I00-I09,I11,I13,I20-I51)",Heart disease,Montana,1970,199.0
2016,Diabetes mellitus (E10-E14),Diabetes,Maine,463,23.9
1999,Diabetes mellitus (E10-E14),Diabetes,Oregon,860,24.6
2005,Influenza and pneumonia (J09-J18),Influenza and pneumonia,Louisiana,996,24.0
2009,"Nephritis, nephrotic syndrome and nephrosis (N00-N07,N17-N19,N25-N27)",Kidney disease,Georgia,1866,23.2
2000,Chronic lower respiratory diseases (J40-J47),CLRD,Louisiana,1684,41.7
2008,Malignant neoplasms (C00-C97),Cancer,Ohio,24998,191.9
2012,Alzheimer's disease (G30),Alzheimer's disease,Virginia,1712,21.2
2008,"Diseases of heart (I00-I09,I11,I13,I20-I51)",Heart disease,Florida,42067,170.8
2006,"Nephritis, nephrotic syndrome and nephrosis (N00-N07,N17-N19,N25-N27)",Kidney disease,Rhode Island,167,12.9
2001,"Nephritis, nephrotic syndrome and nephrosis (N00-N07,N17-N19,N25-N27)",Kidney disease,Georgia,1362,21.1
2007,Chronic lower respiratory diseases (J40-J47),CLRD,Maryland,1901,35.2
2002,"Nephritis, nephrotic syndrome and nephrosis (N00-N07,N17-N19,N25-N27)",Kidney disease,Oregon,266,7.2
2007,"Intentional self-harm (suicide) (*U03,X60-X84,Y87.0)",Suicide,Wyoming,101,19.3
2007,Chronic lower respiratory diseases (J40-J47),CLRD,Delaware,379,40.5
2017,Alzheimer's disease (G30),Alzheimer's disease,Montana,285,20.9
2014,"Nephritis, nephrotic syndrome and nephrosis (N00-N07,N17-N19,N25-N27)",Kidney disease,Delaware,173,14.8
2013,Alzheimer's disease (G30),Alzheimer's disease,New Hampshire,351,21.5
2004,"Intentional self-harm (suicide) (*U03,X60-X84,Y87.0)",Suicide,Massachusetts,425,6.4
2014,Diabetes mellitus (E10-E14),Diabetes,New Mexico,671,27.5
2017,All Causes,All causes,Texas,198106,735.7
2007,Influenza and pneumonia (J09-J18),Influenza and pneumonia,South Dakota,189,18.7
2017,Diabetes mellitus (E10-E14),Diabetes,Wyoming,121,18.1
2008,"Nephritis, nephrotic syndrome and nephrosis (N00-N07,N17-N19,N25-N27)",Kidney disease,Arkansas,638,20.1
2006,All Causes,All causes,Arizona,46365,767.1
2003,Alzheimer's disease (G30),Alzheimer's disease,Virginia,1466,23.4
2007,"Intentional self-harm (suicide) (*U03,X60-X84,Y87.0)",Suicide,South Carolina,530,11.6
2017,Malignant neoplasms (C00-C97),Cancer,United States,599108,152.5
2004,Alzheimer's disease (G30),Alzheimer's disease,South Dakota,243,23.9
2010,All Causes,All causes,New Jersey,69495,691.1
2003,Alzheimer's disease (G30),Alzheimer's disease,Michigan,2133,21.4
2017,Alzheimer's disease (G30),Alzheimer's disease,Indiana,2771,35.3
2000,Malignant neoplasms (C00-C97),Cancer,New Mexico,2906,172.3
2012,Influenza and pneumonia (J09-J18),Influenza and pneumonia,Oregon,382,8.1
2009,Diabetes mellitus (E10-E14),Diabetes,Mississippi,900,29.7
2008,Malignant neoplasms (C00-C97),Cancer,Missouri,12523,189.5
2006,Chronic lower respiratory diseases (J40-J47),CLRD,Colorado,1932,49.3
2014,"Intentional self-harm (suicide) (*U03,X60-X84,Y87.0)",Suicide,Wisconsin,769,13.1
2016,"Nephritis, nephrotic syndrome and nephrosis (N00-N07,N17-N19,N25-N27)",Kidney disease,Maryland,823,12.1
2005,All Causes,All causes,Alabama,47090,1001.3
2014,Cerebrovascular diseases (I60-I69),Stroke,Idaho,640,36.8
2013,Diabetes mellitus (E10-E14),Diabetes,South Dakota,237,22.7
2013,All Causes,All causes,Ohio,113258,811.2
2010,All Causes,All causes,North Carolina,78773,804.9
2015,"Nephritis, nephrotic syndrome and nephrosis (N00-N07,N17-N19,N25-N27)",Kidney disease,Oregon,409,8.2
2006,Cerebrovascular diseases (I60-I69),Stroke,Nevada,847,41.3
2005,"Diseases of heart (I00-I09,I11,I13,I20-I51)",Heart disease,Illinois,28226,220.7
2017,"Nephritis, nephrotic syndrome and nephrosis (N00-N07,N17-N19,N25-N27)",Kidney disease,South Dakota,75,6.8
2006,"Intentional self-harm (suicide) (*U03,X60-X84,Y87.0)",Suicide,Wyoming,116,21.7
1999,"Intentional self-harm (suicide) (*U03,X60-X84,Y87.0)",Suicide,West Virginia,229,12.1
2003,Cerebrovascular diseases (I60-I69),Stroke,South Carolina,2748,71.2
2007,Alzheimer's disease (G30),Alzheimer's disease,Pennsylvania,3505,20.3
2001,All Causes,All causes,Missouri,54982,913.4
1999,"Intentional self-harm (suicide) (*U03,X60-X84,Y87.0)",Suicide,Colorado,574,13.7
2015,"Nephritis, nephrotic syndrome and nephrosis (N00-N07,N17-N19,N25-N27)",Kidney disease,Montana,121,9.3
2001,Chronic lower respiratory diseases (J40-J47),CLRD,District of Columbia,150,26.8
2001,Malignant neoplasms (C00-C97),Cancer,Hawaii,2024,157.2
2007,"Diseases of heart (I00-I09,I11,I13,I20-I51)",Heart disease,Colorado,6106,147.0
2008,Influenza and pneumonia (J09-J18),Influenza and pneumonia,Kansas,743,22.5
2014,"Accidents (unintentional injuries) (V01-X59,Y85-Y86)",Unintentional injuries,Idaho,765,46.5
2007,Diabetes mellitus (E10-E14),Diabetes,South Dakota,247,26.1
2013,"Nephritis, nephrotic syndrome and nephrosis (N00-N07,N17-N19,N25-N27)",Kidney disease,Arkansas,762,22.0
2011,Alzheimer's disease (G30),Alzheimer's disease,New Hampshire,395,25.7
2006,Alzheimer's disease (G30),Alzheimer's disease,Minnesota,1299,22.6
2006,"Accidents (unintentional injuries) (V01-X59,Y85-Y86)",Unintentional injuries,Connecticut,1302,34.6
2017,"Diseases of heart (I00-I09,I11,I13,I20-I51)",Heart disease,Maryland,11653,164.5
2003,"Nephritis, nephrotic syndrome and nephrosis (N00-N07,N17-N19,N25-N27)",Kidney disease,Indiana,1235,20.0
2011,"Accidents (unintentional injuries) (V01-X59,Y85-Y86)",Unintentional injuries,Nebraska,678,33.6
2012,Influenza and pneumonia (J09-J18),Influenza and pneumonia,Montana,155,12.2
2001,Alzheimer's disease (G30),Alzheimer's disease,New Hampshire,305,25.6
1999,"Accidents (unintentional injuries) (V01-X59,Y85-Y86)",Unintentional injuries,Minnesota,1772,35.8
2017,"Intentional self-harm (suicide) (*U03,X60-X84,Y87.0)",Suicide,North Carolina,1521,14.3
2012,Cerebrovascular diseases (I60-I69),Stroke,Utah,809,37.8
2014,"Intentional self-harm (suicide) (*U03,X60-X84,Y87.0)",Suicide,Connecticut,379,9.8
2011,"Accidents (unintentional injuries) (V01-X59,Y85-Y86)",Unintentional injuries,New Mexico,1336,64.4
2017,Diabetes mellitus (E10-E14),Diabetes,New York,4176,16.8
2011,All Causes,All causes,Connecticut,29526,660.6
2002,Diabetes mellitus (E10-E14),Diabetes,Georgia,1576,23.1
2007,"Nephritis, nephrotic syndrome and nephrosis (N00-N07,N17-N19,N25-N27)",Kidney disease,California,2835,8.5
2000,Influenza and pneumonia (J09-J18),Influenza and pneumonia,Minnesota,845,16.4
2008,"Accidents (unintentional injuries) (V01-X59,Y85-Y86)",Unintentional injuries,Georgia,3774,42.0
2016,Cerebrovascular diseases (I60-I69),Stroke,Utah,932,38.8
2002,"Diseases of heart (I00-I09,I11,I13,I20-I51)",Heart disease,Rhode Island,3109,243.6
2002,All Causes,All causes,Mississippi,28853,1051.6
2005,All Causes,All causes,Arizona,45827,786.7
2004,Alzheimer's disease (G30),Alzheimer's disease,United States,65965,22.6
2011,Chronic lower respiratory diseases (J40-J47),CLRD,United States,142943,42.5
1999,Malignant neoplasms (C00-C97),Cancer,United States,549838,200.8
2008,Chronic lower respiratory diseases (J40-J47),CLRD,Nevada,1257,56.4
2014,Chronic lower respiratory diseases (J40-J47),CLRD,Iowa,1915,47.7
2006,"Diseases of heart (I00-I09,I11,I13,I20-I51)",Heart disease,North Carolina,17271,197.6
2005,Alzheimer's disease (G30),Alzheimer's disease,Wyoming,110,22.8
2001,"Nephritis, nephrotic syndrome and nephrosis (N00-N07,N17-N19,N25-N27)",Kidney disease,Mississippi,602,22.2
2005,Cerebrovascular diseases (I60-I69),Stroke,Mississippi,1622,58.0
2000,Chronic lower respiratory diseases (J40-J47),CLRD,Ohio,5983,50.6
2001,Influenza and pneumonia (J09-J18),Influenza and pneumonia,New York,5085,25.5
2000,Alzheimer's disease (G30),Alzheimer's disease,Louisiana,811,20.9
2004,"Accidents (unintentional injuries) (V01-X59,Y85-Y86)",Unintentional injuries,Nebraska,743,39.7
2008,Chronic lower respiratory diseases (J40-J47),CLRD,Virginia,3023,40.6
2014,Alzheimer's disease (G30),Alzheimer's disease,Tennessee,2672,38.1
1999,Diabetes mellitus (E10-E14),Diabetes,Utah,472,31.4
2001,"Accidents (unintentional injuries) (V01-X59,Y85-Y86)",Unintentional injuries,Oklahoma,1700,48.5
2008,Influenza and pneumonia (J09-J18),Influenza and pneumonia,Iowa,829,20.3
2016,"Nephritis, nephrotic syndrome and nephrosis (N00-N07,N17-N19,N25-N27)",Kidney disease,Nevada,274,8.8
2013,Alzheimer's disease (G30),Alzheimer's disease,Maine,401,21.6
2003,Alzheimer's disease (G30),Alzheimer's disease,North Carolina,2145,28.3
2004,"Diseases of heart (I00-I09,I11,I13,I20-I51)",Heart disease,District of Columbia,1544,276.4
2017,Malignant neoplasms (C00-C97),Cancer,New Jersey,16264,144.6
2003,"Accidents (unintentional injuries) (V01-X59,Y85-Y86)",Unintentional injuries,New York,4708,23.9
2005,"Intentional self-harm (suicide) (*U03,X60-X84,Y87.0)",Suicide,Connecticut,295,8.1
1999,Alzheimer's disease (G30),Alzheimer's disease,Illinois,1908,15.9
2005,Cerebrovascular diseases (I60-I69),Stroke,Louisiana,2469,58.0
2000,Cerebrovascular diseases (I60-I69),Stroke,Mississippi,1999,74.1
2003,"Nephritis, nephrotic syndrome and nephrosis (N00-N07,N17-N19,N25-N27)",Kidney disease,Illinois,2297,18.5
2005,"Intentional self-harm (suicide) (*U03,X60-X84,Y87.0)",Suicide,Ohio,1341,11.5
2013,Cerebrovascular diseases (I60-I69),Stroke,Colorado,1588,32.0
2017,Chronic lower respiratory diseases (J40-J47),CLRD,Wyoming,366,53.8
2007,"Intentional self-harm (suicide) (*U03,X60-X84,Y87.0)",Suicide,Minnesota,572,10.8
2007,"Diseases of heart (I00-I09,I11,I13,I20-I51)",Heart disease,Texas,38912,200.1
2015,Alzheimer's disease (G30),Alzheimer's disease,North Carolina,3803,34.8
2005,Alzheimer's disease (G30),Alzheimer's disease,Massachusetts,1638,21.1
2000,Malignant neoplasms (C00-C97),Cancer,Alabama,9807,215.4
2007,Influenza and pneumonia (J09-J18),Influenza and pneumonia,Kentucky,897,21.0
2010,Alzheimer's disease (G30),Alzheimer's disease,United States,83494,25.1
2014,All Causes,All causes,Georgia,76887,801.9
2004,"Nephritis, nephrotic syndrome and nephrosis (N00-N07,N17-N19,N25-N27)",Kidney disease,District of Columbia,79,14.4
2015,"Accidents (unintentional injuries) (V01-X59,Y85-Y86)",Unintentional injuries,Ohio,6756,55.9
2012,"Diseases of heart (I00-I09,I11,I13,I20-I51)",Heart disease,New Mexico,3352,147.8
1999,"Intentional self-harm (suicide) (*U03,X60-X84,Y87.0)",Suicide,Montana,162,17.7
2004,"Intentional self-harm (suicide) (*U03,X60-X84,Y87.0)",Suicide,North Dakota,73,11.1
2010,Malignant neoplasms (C00-C97),Cancer,Montana,1923,161.0
2011,"Accidents (unintentional injuries) (V01-X59,Y85-Y86)",Unintentional injuries,Nevada,1155,42.8
2016,Malignant neoplasms (C00-C97),Cancer,Alabama,10419,174.0
2003,All Causes,All causes,North Carolina,73459,909.0
2006,Malignant neoplasms (C00-C97),Cancer,Alaska,790,177.8
2003,"Accidents (unintentional injuries) (V01-X59,Y85-Y86)",Unintentional injuries,Indiana,2196,35.4
2007,Cerebrovascular diseases (I60-I69),Stroke,United States,135952,43.5
2001,Cerebrovascular diseases (I60-I69),Stroke,Kansas,1848,60.9
2013,Cerebrovascular diseases (I60-I69),Stroke,Wyoming,213,35.1
2013,All Causes,All causes,Iowa,28948,723.7
2014,Chronic lower respiratory diseases (J40-J47),CLRD,Pennsylvania,6422,37.0
1999,"Diseases of heart (I00-I09,I11,I13,I20-I51)",Heart disease,Kentucky,12098,310.9
1999,Cerebrovascular diseases (I60-I69),Stroke,Florida,10560,50.5
2013,Chronic lower respiratory diseases (J40-J47),CLRD,Ohio,7007,49.7
2003,Influenza and pneumonia (J09-J18),Influenza and pneumonia,Alabama,1157,25.9
2008,"Nephritis, nephrotic syndrome and nephrosis (N00-N07,N17-N19,N25-N27)",Kidney disease,Illinois,2576,19.6
2001,Cerebrovascular diseases (I60-I69),Stroke,Virginia,4129,66.3
2014,"Accidents (unintentional injuries) (V01-X59,Y85-Y86)",Unintentional injuries,Illinois,4644,34.4
2004,"Intentional self-harm (suicide) (*U03,X60-X84,Y87.0)",Suicide,Oregon,555,15.1
1999,Chronic lower respiratory diseases (J40-J47),CLRD,South Carolina,1752,47.0
2016,Influenza and pneumonia (J09-J18),Influenza and pneumonia,Iowa,504,11.6
2010,Chronic lower respiratory diseases (J40-J47),CLRD,Alabama,2866,55.4
2014,Chronic lower respiratory diseases (J40-J47),CLRD,Nevada,1522,52.9
2008,All Causes,All causes,Virginia,59100,776.7
2014,"Nephritis, nephrotic syndrome and nephrosis (N00-N07,N17-N19,N25-N27)",Kidney disease,Indiana,1392,18.7
2006,Alzheimer's disease (G30),Alzheimer's disease,Michigan,2331,22.0
2010,"Intentional self-harm (suicide) (*U03,X60-X84,Y87.0)",Suicide,Illinois,1178,9.0
2015,Malignant neoplasms (C00-C97),Cancer,Idaho,2849,153.6
2001,Alzheimer's disease (G30),Alzheimer's disease,Maine,471,31.3
2008,"Diseases of heart (I00-I09,I11,I13,I20-I51)",Heart disease,Minnesota,7367,126.6
2011,"Intentional self-harm (suicide) (*U03,X60-X84,Y87.0)",Suicide,New Mexico,420,20.3
2006,"Intentional self-harm (suicide) (*U03,X60-X84,Y87.0)",Suicide,Kentucky,622,14.6
2015,Alzheimer's disease (G30),Alzheimer's disease,Oklahoma,1498,34.7
2011,All Causes,All causes,South Carolina,42072,839.5
2015,Malignant neoplasms (C00-C97),Cancer,Arkansas,6727,185.4
2009,Malignant neoplasms (C00-C97),Cancer,Maryland,10412,176.7
2011,Influenza and pneumonia (J09-J18),Influenza and pneumonia,Utah,358,17.1
2016,Cerebrovascular diseases (I60-I69),Stroke,Oklahoma,1859,41.8
1999,All Causes,All causes,Florida,163224,812.8
2011,"Accidents (unintentional injuries) (V01-X59,Y85-Y86)",Unintentional injuries,North Carolina,4297,43.8
2016,"Diseases of heart (I00-I09,I11,I13,I20-I51)",Heart disease,Iowa,6937,162.8
2005,"Accidents (unintentional injuries) (V01-X59,Y85-Y86)",Unintentional injuries,Minnesota,1922,36.2
2005,Cerebrovascular diseases (I60-I69),Stroke,Kansas,1571,50.3
2016,"Diseases of heart (I00-I09,I11,I13,I20-I51)",Heart disease,New Hampshire,2631,151.1
2001,Alzheimer's disease (G30),Alzheimer's disease,Wyoming,114,25.4
2010,Cerebrovascular diseases (I60-I69),Stroke,Hawaii,605,35.8
2016,Influenza and pneumonia (J09-J18),Influenza and pneumonia,New Jersey,1208,10.7
1999,"Nephritis, nephrotic syndrome and nephrosis (N00-N07,N17-N19,N25-N27)",Kidney disease,Tennessee,675,12.3
2003,Cerebrovascular diseases (I60-I69),Stroke,Utah,876,55.2
2012,Chronic lower respiratory diseases (J40-J47),CLRD,Louisiana,2074,44.5
2012,All Causes,All causes,Georgia,72847,808.6
2017,"Nephritis, nephrotic syndrome and nephrosis (N00-N07,N17-N19,N25-N27)",Kidney disease,Texas,4256,16.0
2003,"Intentional self-harm (suicide) (*U03,X60-X84,Y87.0)",Suicide,Connecticut,272,7.5
2009,Malignant neoplasms (C00-C97),Cancer,Virginia,14122,176.2
2015,"Diseases of heart (I00-I09,I11,I13,I20-I51)",Heart disease,Alaska,846,154.1
2014,All Causes,All causes,Missouri,58320,807.0
2008,All Causes,All causes,United States,2471984,774.9
2008,Chronic lower respiratory diseases (J40-J47),CLRD,Pennsylvania,6767,42.0
2007,Chronic lower respiratory diseases (J40-J47),CLRD,North Carolina,4231,46.9
2015,All Causes,All causes,Hawaii,11053,588.2
2016,"Nephritis, nephrotic syndrome and nephrosis (N00-N07,N17-N19,N25-N27)",Kidney disease,Missouri,1483,19.6
2003,"Diseases of heart (I00-I09,I11,I13,I20-I51)",Heart disease,New Hampshire,2725,216.7
2007,"Accidents (unintentional injuries) (V01-X59,Y85-Y86)",Unintentional injuries,Vermont,303,44.9
2011,"Nephritis, nephrotic syndrome and nephrosis (N00-N07,N17-N19,N25-N27)",Kidney disease,Alaska,53,12.5
2006,Cerebrovascular diseases (I60-I69),Stroke,Pennsylvania,7151,44.2
2007,"Accidents (unintentional injuries) (V01-X59,Y85-Y86)",Unintentional injuries,Mississippi,1808,62.2
2005,Chronic lower respiratory diseases (J40-J47),CLRD,Kentucky,2578,61.0
2005,"Nephritis, nephrotic syndrome and nephrosis (N00-N07,N17-N19,N25-N27)",Kidney disease,Colorado,470,12.5
2002,"Intentional self-harm (suicide) (*U03,X60-X84,Y87.0)",Suicide,Oregon,518,14.4
2015,Alzheimer's disease (G30),Alzheimer's disease,Idaho,552,31.6
2012,"Intentional self-harm (suicide) (*U03,X60-X84,Y87.0)",Suicide,Utah,550,21.0
2003,"Nephritis, nephrotic syndrome and nephrosis (N00-N07,N17-N19,N25-N27)",Kidney disease,New Jersey,1696,18.5
2004,Malignant neoplasms (C00-C97),Cancer,Missouri,12450,201.1
2009,Influenza and pneumonia (J09-J18),Influenza and pneumonia,Alabama,952,19.2
2015,"Nephritis, nephrotic syndrome and nephrosis (N00-N07,N17-N19,N25-N27)",Kidney disease,United States,49959,13.4
2012,Cerebrovascular diseases (I60-I69),Stroke,Idaho,610,37.2
2006,"Diseases of heart (I00-I09,I11,I13,I20-I51)",Heart disease,Arkansas,7431,240.5
2017,"Diseases of heart (I00-I09,I11,I13,I20-I51)",Heart disease,District of Columbia,1284,189.8
2000,"Intentional self-harm (suicide) (*U03,X60-X84,Y87.0)",Suicide,Rhode Island,75,7.1
2017,"Intentional self-harm (suicide) (*U03,X60-X84,Y87.0)",Suicide,Florida,3227,14.0
2017,"Intentional self-harm (suicide) (*U03,X60-X84,Y87.0)",Suicide,Georgia,1451,13.6
2013,"Accidents (unintentional injuries) (V01-X59,Y85-Y86)",Unintentional injuries,Pennsylvania,6359,44.9
2006,"Intentional self-harm (suicide) (*U03,X60-X84,Y87.0)",Suicide,Hawaii,120,9.0
2011,Influenza and pneumonia (J09-J18),Influenza and pneumonia,Kansas,647,18.8
2001,"Intentional self-harm (suicide) (*U03,X60-X84,Y87.0)",Suicide,Georgia,935,11.4
2007,Alzheimer's disease (G30),Alzheimer's disease,Mississippi,797,28.9
1999,Diabetes mellitus (E10-E14),Diabetes,Virginia,1486,23.6
2005,"Nephritis, nephrotic syndrome and nephrosis (N00-N07,N17-N19,N25-N27)",Kidney disease,Kentucky,912,21.9
2008,All Causes,All causes,Arkansas,29322,927.3
2009,Chronic lower respiratory diseases (J40-J47),CLRD,Rhode Island,511,39.8
2017,All Causes,All causes,Nebraska,16878,726.0
2002,"Accidents (unintentional injuries) (V01-X59,Y85-Y86)",Unintentional injuries,Michigan,3285,33.0
2010,Alzheimer's disease (G30),Alzheimer's disease,Connecticut,820,17.1
2010,"Diseases of heart (I00-I09,I11,I13,I20-I51)",Heart disease,United States,597689,179.1
2009,All Causes,All causes,South Carolina,40449,846.9
2017,"Diseases of heart (I00-I09,I11,I13,I20-I51)",Heart disease,Michigan,25187,196.1
2005,Cerebrovascular diseases (I60-I69),Stroke,Wisconsin,2960,47.4
2004,Chronic lower respiratory diseases (J40-J47),CLRD,Kansas,1316,44.9
2016,"Accidents (unintentional injuries) (V01-X59,Y85-Y86)",Unintentional injuries,United States,161374,47.4
2000,Alzheimer's disease (G30),Alzheimer's disease,Alaska,47,21.5
2009,All Causes,All causes,Alabama,47470,940.2
2016,Malignant neoplasms (C00-C97),Cancer,Texas,40195,148.5
2011,Influenza and pneumonia (J09-J18),Influenza and pneumonia,South Dakota,178,16.3
2001,Influenza and pneumonia (J09-J18),Influenza and pneumonia,Kentucky,1114,28.6
2005,"Diseases of heart (I00-I09,I11,I13,I20-I51)",Heart disease,Minnesota,7926,145.4
2005,"Diseases of heart (I00-I09,I11,I13,I20-I51)",Heart disease,Texas,40152,220.4
2009,Cerebrovascular diseases (I60-I69),Stroke,Massachusetts,2579,32.5
2001,Alzheimer's disease (G30),Alzheimer's disease,Delaware,135,18.0
2002,Alzheimer's disease (G30),Alzheimer's disease,North Dakota,294,33.7
2017,"Diseases of heart (I00-I09,I11,I13,I20-I51)",Heart disease,Kentucky,10343,195.9
2011,"Accidents (unintentional injuries) (V01-X59,Y85-Y86)",Unintentional injuries,Washington,2709,38.1
2007,Influenza and pneumonia (J09-J18),Influenza and pneumonia,District of Columbia,82,14.3
2012,Alzheimer's disease (G30),Alzheimer's disease,Nebraska,570,24.4
2015,All Causes,All causes,California,259206,621.6
2010,"Diseases of heart (I00-I09,I11,I13,I20-I51)",Heart disease,Idaho,2495,159.3
2017,Diabetes mellitus (E10-E14),Diabetes,New Jersey,1908,16.9
2008,"Nephritis, nephrotic syndrome and nephrosis (N00-N07,N17-N19,N25-N27)",Kidney disease,Rhode Island,163,12.0
2015,Diabetes mellitus (E10-E14),Diabetes,West Virginia,784,31.7
2012,Chronic lower respiratory diseases (J40-J47),CLRD,District of Columbia,139,23.5
2009,Chronic lower respiratory diseases (J40-J47),CLRD,United States,137353,42.7
2000,Diabetes mellitus (E10-E14),Diabetes,Arkansas,714,24.6
2010,"Diseases of heart (I00-I09,I11,I13,I20-I51)",Heart disease,Hawaii,2239,134.7
2012,Malignant neoplasms (C00-C97),Cancer,Oregon,7832,168.0
2002,All Causes,All causes,Pennsylvania,130223,874.1
2001,"Diseases of heart (I00-I09,I11,I13,I20-I51)",Heart disease,Delaware,2033,261.2
2017,"Intentional self-harm (suicide) (*U03,X60-X84,Y87.0)",Suicide,Rhode Island,129,11.8
2008,Cerebrovascular diseases (I60-I69),Stroke,Wisconsin,2638,40.1
2013,"Nephritis, nephrotic syndrome and nephrosis (N00-N07,N17-N19,N25-N27)",Kidney disease,Alaska,49,10.1
2009,"Nephritis, nephrotic syndrome and nephrosis (N00-N07,N17-N19,N25-N27)",Kidney disease,Massachusetts,1269,16.1
2011,Chronic lower respiratory diseases (J40-J47),CLRD,Iowa,1833,47.6
2010,Chronic lower respiratory diseases (J40-J47),CLRD,Colorado,2199,49.7
1999,Alzheimer's disease (G30),Alzheimer's disease,New Mexico,248,16.4
2002,Malignant neoplasms (C00-C97),Cancer,Tennessee,12518,214.6
2017,"Accidents (unintentional injuries) (V01-X59,Y85-Y86)",Unintentional injuries,New Jersey,4482,47.3
2001,Malignant neoplasms (C00-C97),Cancer,South Carolina,8272,208.3
2011,All Causes,All causes,New Jersey,70558,690.6
2007,"Accidents (unintentional injuries) (V01-X59,Y85-Y86)",Unintentional injuries,Colorado,2056,44.8
2010,All Causes,All causes,Iowa,27745,721.7
2000,"Nephritis, nephrotic syndrome and nephrosis (N00-N07,N17-N19,N25-N27)",Kidney disease,Nevada,329,21.0
2008,"Intentional self-harm (suicide) (*U03,X60-X84,Y87.0)",Suicide,Delaware,109,11.9
2005,"Accidents (unintentional injuries) (V01-X59,Y85-Y86)",Unintentional injuries,Virginia,2638,35.6
2015,Alzheimer's disease (G30),Alzheimer's disease,Colorado,1612,31.3
2014,"Accidents (unintentional injuries) (V01-X59,Y85-Y86)",Unintentional injuries,New Hampshire,716,50.5
2008,"Diseases of heart (I00-I09,I11,I13,I20-I51)",Heart disease,North Carolina,17335,186.4
2009,Diabetes mellitus (E10-E14),Diabetes,Maryland,1207,20.6
2004,"Nephritis, nephrotic syndrome and nephrosis (N00-N07,N17-N19,N25-N27)",Kidney disease,Kansas,554,18.1
2011,"Accidents (unintentional injuries) (V01-X59,Y85-Y86)",Unintentional injuries,Utah,1058,42.9
2004,Influenza and pneumonia (J09-J18),Influenza and pneumonia,Nevada,402,21.5
2004,Malignant neoplasms (C00-C97),Cancer,Delaware,1827,208.3
2011,"Diseases of heart (I00-I09,I11,I13,I20-I51)",Heart disease,Utah,3036,144.4
2013,Diabetes mellitus (E10-E14),Diabetes,New Mexico,646,27.6
2008,Alzheimer's disease (G30),Alzheimer's disease,Michigan,2739,24.8
2004,Malignant neoplasms (C00-C97),Cancer,Pennsylvania,29424,196.1
2013,"Accidents (unintentional injuries) (V01-X59,Y85-Y86)",Unintentional injuries,Michigan,4225,40.1
1999,"Intentional self-harm (suicide) (*U03,X60-X84,Y87.0)",Suicide,Mississippi,304,11.0
2016,"Diseases of heart (I00-I09,I11,I13,I20-I51)",Heart disease,Virginia,14124,150.7
2000,Influenza and pneumonia (J09-J18),Influenza and pneumonia,South Carolina,699,19.5
2002,Influenza and pneumonia (J09-J18),Influenza and pneumonia,Montana,255,25.2
2014,Chronic lower respiratory diseases (J40-J47),CLRD,Utah,757,32.6
2001,Diabetes mellitus (E10-E14),Diabetes,Pennsylvania,3826,25.9
2002,Chronic lower respiratory diseases (J40-J47),CLRD,North Carolina,3674,46.6
2017,Influenza and pneumonia (J09-J18),Influenza and pneumonia,District of Columbia,79,11.4
2013,"Nephritis, nephrotic syndrome and nephrosis (N00-N07,N17-N19,N25-N27)",Kidney disease,California,2840,7.2
2010,Diabetes mellitus (E10-E14),Diabetes,New York,3642,16.7
2001,Cerebrovascular diseases (I60-I69),Stroke,Maine,822,55.2
2000,Diabetes mellitus (E10-E14),Diabetes,North Carolina,2084,27.3
2006,Cerebrovascular diseases (I60-I69),Stroke,Louisiana,2195,53.9
2011,Malignant neoplasms (C00-C97),Cancer,New York,35469,160.6
2001,Alzheimer's disease (G30),Alzheimer's disease,Minnesota,1173,22.1
2011,Chronic lower respiratory diseases (J40-J47),CLRD,North Dakota,342,39.6
2010,Alzheimer's disease (G30),Alzheimer's disease,Oklahoma,1015,26.1
2012,Chronic lower respiratory diseases (J40-J47),CLRD,Kansas,1687,51.8
2017,Cerebrovascular diseases (I60-I69),Stroke,Idaho,726,38.5
2012,"Diseases of heart (I00-I09,I11,I13,I20-I51)",Heart disease,Colorado,6311,127.3
2012,Chronic lower respiratory diseases (J40-J47),CLRD,New Hampshire,674,43.5
2010,"Diseases of heart (I00-I09,I11,I13,I20-I51)",Heart disease,Mississippi,7542,251.1
2001,All Causes,All causes,Oklahoma,34682,968.5
2002,Chronic lower respiratory diseases (J40-J47),CLRD,Iowa,1580,44.4
2012,Influenza and pneumonia (J09-J18),Influenza and pneumonia,Alaska,52,10.0
2000,Cerebrovascular diseases (I60-I69),Stroke,Colorado,1907,58.7
1999,"Intentional self-harm (suicide) (*U03,X60-X84,Y87.0)",Suicide,Alaska,96,16.8
2012,Diabetes mellitus (E10-E14),Diabetes,Florida,5092,19.2
2008,Cerebrovascular diseases (I60-I69),Stroke,Alaska,172,44.5
2009,Alzheimer's disease (G30),Alzheimer's disease,New York,2396,10.5
2008,Alzheimer's disease (G30),Alzheimer's disease,Washington,3105,47.1
2004,Diabetes mellitus (E10-E14),Diabetes,West Virginia,840,38.2
2009,"Intentional self-harm (suicide) (*U03,X60-X84,Y87.0)",Suicide,Kansas,382,13.6
2005,"Accidents (unintentional injuries) (V01-X59,Y85-Y86)",Unintentional injuries,Maine,579,41.7
2009,"Nephritis, nephrotic syndrome and nephrosis (N00-N07,N17-N19,N25-N27)",Kidney disease,Connecticut,585,13.3
2004,Cerebrovascular diseases (I60-I69),Stroke,Oklahoma,2183,60.3
2004,"Diseases of heart (I00-I09,I11,I13,I20-I51)",Heart disease,Indiana,14636,233.2
2000,"Accidents (unintentional injuries) (V01-X59,Y85-Y86)",Unintentional injuries,Pennsylvania,4583,35.2
2008,"Diseases of heart (I00-I09,I11,I13,I20-I51)",Heart disease,Rhode Island,2657,193.6
2010,"Intentional self-harm (suicide) (*U03,X60-X84,Y87.0)",Suicide,Georgia,1133,11.7
2004,Alzheimer's disease (G30),Alzheimer's disease,Rhode Island,283,20.1
2005,"Nephritis, nephrotic syndrome and nephrosis (N00-N07,N17-N19,N25-N27)",Kidney disease,Massachusetts,1410,19.1
2017,"Diseases of heart (I00-I09,I11,I13,I20-I51)",Heart disease,Arizona,12398,141.9
2012,Cerebrovascular diseases (I60-I69),Stroke,Rhode Island,433,30.6
2010,Influenza and pneumonia (J09-J18),Influenza and pneumonia,Rhode Island,197,13.8
2005,"Accidents (unintentional injuries) (V01-X59,Y85-Y86)",Unintentional injuries,Alaska,313,50.8
2001,Alzheimer's disease (G30),Alzheimer's disease,Georgia,1419,24.1
2008,Chronic lower respiratory diseases (J40-J47),CLRD,Colorado,2188,52.5
2003,Malignant neoplasms (C00-C97),Cancer,Oregon,7232,192.5
2010,Influenza and pneumonia (J09-J18),Influenza and pneumonia,Massachusetts,1291,16.0
2001,Influenza and pneumonia (J09-J18),Influenza and pneumonia,Utah,411,27.2
2000,"Nephritis, nephrotic syndrome and nephrosis (N00-N07,N17-N19,N25-N27)",Kidney disease,Hawaii,113,9.2
2002,"Accidents (unintentional injuries) (V01-X59,Y85-Y86)",Unintentional injuries,Oklahoma,1580,44.9
2009,"Nephritis, nephrotic syndrome and nephrosis (N00-N07,N17-N19,N25-N27)",Kidney disease,New York,2426,11.1
2004,"Accidents (unintentional injuries) (V01-X59,Y85-Y86)",Unintentional injuries,Maine,480,35.5
2005,"Accidents (unintentional injuries) (V01-X59,Y85-Y86)",Unintentional injuries,Mississippi,1936,67.1
2000,Cerebrovascular diseases (I60-I69),Stroke,Alaska,170,66.1
2015,"Accidents (unintentional injuries) (V01-X59,Y85-Y86)",Unintentional injuries,Pennsylvania,7324,52.0
2013,All Causes,All causes,Wisconsin,50026,720.1
2014,"Diseases of heart (I00-I09,I11,I13,I20-I51)",Heart disease,Utah,3431,151.0
2015,"Nephritis, nephrotic syndrome and nephrosis (N00-N07,N17-N19,N25-N27)",Kidney disease,Kentucky,998,19.7
2003,Malignant neoplasms (C00-C97),Cancer,New Jersey,17957,197.3
2017,"Accidents (unintentional injuries) (V01-X59,Y85-Y86)",Unintentional injuries,Virginia,3922,44.0
2016,"Nephritis, nephrotic syndrome and nephrosis (N00-N07,N17-N19,N25-N27)",Kidney disease,Kentucky,1034,20.3
2008,Chronic lower respiratory diseases (J40-J47),CLRD,Arkansas,1887,58.7
2010,Alzheimer's disease (G30),Alzheimer's disease,Arizona,2327,35.3
2013,Chronic lower respiratory diseases (J40-J47),CLRD,Louisiana,2274,47.3
2003,Alzheimer's disease (G30),Alzheimer's disease,Rhode Island,303,22.0
2013,"Accidents (unintentional injuries) (V01-X59,Y85-Y86)",Unintentional injuries,Wisconsin,2969,46.8
2006,Chronic lower respiratory diseases (J40-J47),CLRD,Louisiana,1687,40.8
